address,main_price,price_per_m2,area
"Свердловская область, Екатеринбург, р-н Кировский, мкр. Пионерский, м. Уральская, Основа ЖК",4620600,102000,45.3
"Свердловская область, Екатеринбург, р-н Кировский, мкр. Пионерский, м. Уральская, Основа ЖК",3237600,114000,28.4
"Свердловская область, Екатеринбург, р-н Кировский, мкр. Пионерский, м. Уральская, Основа ЖК",4226200,113000,37.4
"Свердловская область, Екатеринбург, р-н Кировский, мкр. Пионерский, м. Уральская, Основа ЖК",10674000,90000,118.6
"Свердловская область, Екатеринбург, р-н Кировский, мкр. ЖБИ, м. Геологическая, улица Рассветная, 8к4",2370000,100000,23.7
"Свердловская область, Екатеринбург, р-н Кировский, мкр. Пионерский, м. Уральская, Цветной Бульвар ЖК",2576000,112000,23.0
"Свердловская область, Екатеринбург, р-н Кировский, мкр. ЖБИ, м. Геологическая, улица Рассветная, 8к4",3496500,92500,37.8
"Свердловская область, Екатеринбург, р-н Кировский, мкр. Пионерский, м. Уральская, Цветной Бульвар ЖК",3510000,100000,35.1
"Свердловская область, Екатеринбург, р-н Кировский, мкр. Пионерский, м. Уральская, Цветной Бульвар ЖК",3674250,103500,35.5
"Свердловская область, Екатеринбург, р-н Кировский, мкр. Втузгородок, м. Уральская, Теплые Кварталы ЖК",4013900,112750,35.6
"Свердловская область, Екатеринбург, р-н Кировский, мкр. ЖБИ, м. Геологическая, улица Рассветная, 8к4",4669000,80500,58.0
"Свердловская область, Екатеринбург, р-н Кировский, мкр. ЖБИ, м. Динамо, Парк Каменные Палатки ЖК",5000000,112032,44.63
"Свердловская область, Екатеринбург, р-н Кировский, мкр. Пионерский, м. Уральская, Цветной Бульвар ЖК",5611500,87000,64.5
"Свердловская область, Екатеринбург, р-н Кировский, мкр. ЖБИ, м. Геологическая, улица Рассветная, 8к4",6139800,81000,75.8
"Свердловская область, Екатеринбург, р-н Кировский, мкр. Втузгородок, м. Уральская, Теплые Кварталы ЖК",6359808,101400,62.72
"Свердловская область, Екатеринбург, р-н Кировский, мкр. Пионерский, м. Уральская, Основа ЖК",6444900,94500,68.2
"Свердловская область, Екатеринбург, р-н Кировский, мкр. Втузгородок, м. Уральская, Теплые Кварталы ЖК",6999788,91250,76.71
"Свердловская область, Екатеринбург, р-н Кировский, мкр. Втузгородок, м. Уральская, Теплые Кварталы ЖК",8020415,81500,98.41
"Свердловская область, Екатеринбург, р-н Кировский, мкр. Пионерский, м. Уральская, Советская улица, 64",8593410,81300,105.7
"Свердловская область, Екатеринбург, р-н Кировский, мкр. Пионерский, улица Камчатская, 43",3100000,72093,43.0
"Свердловская область, Екатеринбург, р-н Кировский, мкр. Пионерский, Уральская улица, 52к3",3600000,76433,47.1
"Свердловская область, Екатеринбург, р-н Кировский, мкр. Пионерский, Уральская улица, 46",3900000,62102,62.8
"Свердловская область, Екатеринбург, р-н Кировский, мкр. Пионерский, улица Менделеева, 17",3500000,94595,37.0
"Свердловская область, Екатеринбург, р-н Кировский, мкр. Пионерский, м. Уральская, Основа ЖК",3323200,124000,26.8
"Свердловская область, Екатеринбург, р-н Кировский, мкр. ЖБИ, м. Геологическая, улица Рассветная, 8к4",3792750,97500,38.9
"Свердловская область, Екатеринбург, р-н Кировский, мкр. Пионерский, м. Уральская, Цветной Бульвар ЖК",4030050,100500,40.1
"Свердловская область, Екатеринбург, р-н Кировский, мкр. Втузгородок, м. Геологическая, улица Мира, 47к2",4152000,126895,32.72
"Свердловская область, Екатеринбург, р-н Кировский, мкр. Втузгородок, Вишневая улица, 28",2750000,89869,30.6
"Свердловская область, Екатеринбург, р-н Кировский, мкр. Центр, улица Тургенева, 7",3300000,100917,32.7
"Свердловская область, Екатеринбург, р-н Кировский, мкр. Пионерский, м. Уральская, Основа ЖК",4329150,108500,39.9
"Свердловская область, Екатеринбург, р-н Кировский, мкр. ЖБИ, м. Геологическая, улица Рассветная, 8к4",4884800,86000,56.8
"Свердловская область, Екатеринбург, р-н Кировский, мкр. Пионерский, м. Уральская, Основа ЖК",6479000,95000,68.2
"Свердловская область, Екатеринбург, р-н Кировский, мкр. Втузгородок, м. Геологическая, улица Мира, 47к4",7228000,103895,69.57
"Свердловская область, Екатеринбург, р-н Кировский, мкр. Втузгородок, м. Уральская, Теплые Кварталы ЖК",7905600,80000,98.82
"Свердловская область, Екатеринбург, р-н Кировский, мкр. Втузгородок, м. Геологическая, улица Мира, 47к4",8045000,99876,80.55
"Свердловская область, Екатеринбург, р-н Кировский, мкр. Втузгородок, м. Геологическая, улица Педагогическая, 28",8699000,91376,95.2
"Свердловская область, Екатеринбург, р-н Кировский, мкр. ЖБИ, м. Динамо, Парк Каменные Палатки ЖК",8700000,86524,100.55
"Свердловская область, Екатеринбург, р-н Кировский, мкр. Втузгородок, м. Геологическая, улица Педагогическая, 28",9250000,72663,127.3
"Свердловская область, Екатеринбург, р-н Кировский, мкр. Пионерский, м. Уральская, Основа ЖК",12000000,96931,123.8
"Свердловская область, Екатеринбург, р-н Кировский, мкр. Центр, Первомайская улица, 60",13464000,110000,122.4
"Свердловская область, Екатеринбург, р-н Кировский, мкр. ЖБИ, улица 40-летия Комсомола, 32Г",2050000,82000,25.0
"Свердловская область, Екатеринбург, р-н Кировский, мкр. Пионерский, улица Пионеров, 9к1",2550000,93750,27.2
"Свердловская область, Екатеринбург, р-н Кировский, мкр. ЖБИ, улица Рассветная, 9А",6120000,70345,87.0
"Свердловская область, Екатеринбург, р-н Кировский, мкр. Пионерский, улица Блюхера, 95",4390000,111705,39.3
"Свердловская область, Екатеринбург, р-н Кировский, мкр. Пионерский, улица Вилонова, 24",7630000,86020,88.7
"Свердловская область, Екатеринбург, р-н Кировский, мкр. Пионерский, улица Камчатская, 43",3100000,72093,43.0
"Свердловская область, Екатеринбург, р-н Кировский, мкр. Пионерский, улица Блюхера, 95",4390000,109750,40.0
"Свердловская область, Екатеринбург, р-н Кировский, мкр. Втузгородок, улица Мира, 44А",23400000,90000,260.0
"Свердловская область, Екатеринбург, р-н Кировский, мкр. Пионерский, улица Данилы Зверева, 12",5990000,63927,93.7
"Свердловская область, Екатеринбург, р-н Кировский, мкр. ЖБИ",5970000,76051,78.5
"Свердловская область, Екатеринбург, р-н Кировский, мкр. ЖБИ, улица Новгородцевой, 37к2",3200000,92219,34.7
"Свердловская область, Екатеринбург, р-н Кировский, мкр. Втузгородок, улица Студенческая, 80",5150000,92960,55.4
"Свердловская область, Екатеринбург, р-н Кировский, мкр. Центр, проспект Ленина, 69к8",4890000,77619,63.0
"Свердловская область, Екатеринбург, р-н Кировский, мкр. ЖБИ, бульвар Сиреневый, 10",4700000,88679,53.0
"Свердловская область, Екатеринбург, р-н Кировский, мкр. Пионерский, м. Динамо, переулок Шадринский, 16",8150000,85699,95.1
"Свердловская область, Екатеринбург, р-н Кировский, мкр. ЖБИ, улица 40-летия Комсомола, 32Г",2800000,58333,48.0
"Свердловская область, Екатеринбург, р-н Кировский, мкр. Пионерский, улица Вилонова, 82",2200000,60440,36.4
"Свердловская область, Екатеринбург, р-н Кировский, мкр. Пионерский, улица Сулимова, 59",2890000,98635,29.3
"Свердловская область, Екатеринбург, р-н Кировский, мкр. ЖБИ, м. Геологическая, улица Рассветная, 8к4",2370000,100000,23.7
"Свердловская область, Екатеринбург, р-н Кировский, мкр. ЖБИ, м. Геологическая, улица Рассветная, 8к4",2415600,99000,24.4
"Свердловская область, Екатеринбург, р-н Кировский, мкр. Пионерский, м. Уральская, Цветной Бульвар ЖК",2587800,114000,22.7
"Свердловская область, Екатеринбург, р-н Кировский, мкр. Пионерский, м. Уральская, Цветной Бульвар ЖК",2576000,112000,23.0
"Свердловская область, Екатеринбург, р-н Кировский, мкр. Пионерский, м. Уральская, Цветной Бульвар ЖК",2622000,114000,23.0
"Свердловская область, Екатеринбург, р-н Кировский, мкр. ЖБИ, м. Геологическая, улица Рассветная, 8к4",2690000,100000,26.9
"Свердловская область, Екатеринбург, р-н Кировский, мкр. Пионерский, м. Уральская, Цветной Бульвар ЖК",2662400,104000,25.6
"Свердловская область, Екатеринбург, р-н Кировский, мкр. ЖБИ, м. Геологическая, улица Рассветная, 8к4",2732400,99000,27.6
"Свердловская область, Екатеринбург, р-н Кировский, мкр. Пионерский, м. Уральская, Основа ЖК",2995200,104000,28.8
"Свердловская область, Екатеринбург, р-н Кировский, мкр. Пионерский, м. Уральская, Основа ЖК",3237600,114000,28.4
"Свердловская область, Екатеринбург, р-н Кировский, мкр. Пионерский, м. Уральская, Основа ЖК",3283200,114000,28.8
"Свердловская область, Екатеринбург, р-н Кировский, мкр. Пионерский, м. Уральская, Основа ЖК",3283200,114000,28.8
"Свердловская область, Екатеринбург, р-н Кировский, мкр. Пионерский, м. Уральская, Цветной Бульвар ЖК",3549600,102000,34.8
"Свердловская область, Екатеринбург, р-н Кировский, мкр. Пионерский, м. Уральская, Цветной Бульвар ЖК",3510000,100000,35.1
"Свердловская область, Екатеринбург, р-н Кировский, мкр. Пионерский, м. Уральская, Цветной Бульвар ЖК",3559800,102000,34.9
"Свердловская область, Екатеринбург, р-н Кировский, мкр. ЖБИ, м. Геологическая, улица Рассветная, 8к4",3627800,93500,38.8
"Свердловская область, Екатеринбург, р-н Кировский, мкр. ЖБИ, м. Геологическая, улица Рассветная, 8к4",3627800,93500,38.8
"Свердловская область, Екатеринбург, р-н Кировский, мкр. Пионерский, м. Уральская, Цветной Бульвар ЖК",3692100,93000,39.7
"Свердловская область, Екатеринбург, р-н Кировский, мкр. Пионерский, м. Уральская, Цветной Бульвар ЖК",3888950,96500,40.3
"Свердловская область, Екатеринбург, р-н Кировский, мкр. Втузгородок, м. Уральская, Теплые Кварталы ЖК",3962700,111000,35.7
"Свердловская область, Екатеринбург, р-н Кировский, мкр. ЖБИ, м. Динамо, Парк Каменные Палатки ЖК",4012470,96500,41.58
"Свердловская область, Екатеринбург, р-н Кировский, мкр. Втузгородок, м. Уральская, Теплые Кварталы ЖК",4075558,115750,35.21
"Свердловская область, Екатеринбург, р-н Кировский, мкр. Пионерский, м. Уральская, Основа ЖК",4070400,96000,42.4
"Свердловская область, Екатеринбург, р-н Кировский, мкр. Пионерский, м. Уральская, Основа ЖК",4203600,113000,37.2
"Свердловская область, Екатеринбург, р-н Кировский, мкр. Втузгородок, м. Площадь 1905 года",4297000,125277,34.3
"Свердловская область, Екатеринбург, р-н Кировский, мкр. Пионерский, м. Уральская, Основа ЖК",4318300,108500,39.8
"Свердловская область, Екатеринбург, р-н Кировский, мкр. Втузгородок, м. Площадь 1905 года",4321000,126716,34.1
"Свердловская область, Екатеринбург, р-н Кировский, мкр. Втузгородок, м. Геологическая, улица Мира, 47к2",4320000,133046,32.47
"Свердловская область, Екатеринбург, р-н Кировский, мкр. Втузгородок, м. Площадь 1905 года",4332000,127412,34.0
"Свердловская область, Екатеринбург, р-н Кировский, мкр. Втузгородок, м. Геологическая, улица Мира, 47к2",4430000,124718,35.52
"Свердловская область, Екатеринбург, р-н Кировский, мкр. ЖБИ, м. Динамо, Парк Каменные Палатки ЖК",4486475,108500,41.35
"Свердловская область, Екатеринбург, р-н Кировский, мкр. Втузгородок, м. Площадь 1905 года",4459000,83816,53.2
"Свердловская область, Екатеринбург, р-н Кировский, мкр. Втузгородок, м. Геологическая, улица Мира, 47к2",4480000,126126,35.52
"Свердловская область, Екатеринбург, р-н Кировский, мкр. Центр, м. Динамо, улица Шевченко, 20",8500000,108557,78.3
"Свердловская область, Екатеринбург, р-н Кировский, мкр. Втузгородок, м. Уральская, Теплые Кварталы ЖК",4452750,112500,39.58
"Свердловская область, Екатеринбург, р-н Кировский, мкр. Втузгородок, м. Уральская, Теплые Кварталы ЖК",4512445,114500,39.41
"Свердловская область, Екатеринбург, р-н Кировский, мкр. Втузгородок, м. Уральская, Теплые Кварталы ЖК",4542003,115250,39.41
"Свердловская область, Екатеринбург, р-н Кировский, мкр. Втузгородок, м. Уральская, Теплые Кварталы ЖК",4602703,109250,42.13
"Свердловская область, Екатеринбург, р-н Кировский, мкр. ЖБИ, м. Геологическая, улица Рассветная, 8к4",4717850,78500,60.1
"Свердловская область, Екатеринбург, р-н Кировский, мкр. Пионерский, м. Уральская, Основа ЖК",4756500,105000,45.3
"Свердловская область, Екатеринбург, р-н Кировский, мкр. ЖБИ, улица 40-летия Комсомола, 32А",3100000,77500,40.0
"Свердловская область, Екатеринбург, р-н Кировский, мкр. Втузгородок, м. Геологическая, улица Мира, 47к4",4783000,113990,41.96
"Свердловская область, Екатеринбург, р-н Кировский, мкр. ЖБИ, м. Геологическая, улица Рассветная, 8к4",4884800,86000,56.8
"Свердловская область, Екатеринбург, р-н Кировский, мкр. Пионерский, м. Уральская, Основа ЖК",4983000,110000,45.3
"Свердловская область, Екатеринбург, р-н Кировский, мкр. Втузгородок, Первомайская улица, 114",5990000,71310,84.0
"Свердловская область, Екатеринбург, р-н Кировский, мкр. Втузгородок, м. Геологическая, улица Мира, 47к4",5133000,112172,45.76
"Свердловская область, Екатеринбург, р-н Кировский, мкр. ЖБИ, м. Динамо, Парк Каменные Палатки ЖК",5298720,83000,63.84
"Свердловская область, Екатеринбург, р-н Кировский, мкр. Втузгородок, м. Геологическая, улица Мира, 47к4",5330000,116477,45.76
"Свердловская область, Екатеринбург, р-н Кировский, мкр. Пионерский, м. Уральская, Цветной Бульвар ЖК",5611500,87000,64.5
"Свердловская область, Екатеринбург, р-н Кировский, мкр. Пионерский, м. Уральская, Основа ЖК",5659500,105000,53.9
"Свердловская область, Екатеринбург, р-н Кировский, мкр. Пионерский, м. Уральская, Цветной Бульвар ЖК",5933400,93000,63.8
"Свердловская область, Екатеринбург, р-н Кировский, мкр. Втузгородок, м. Геологическая, улица Мира, 47к4",6028000,105477,57.15
"Свердловская область, Екатеринбург, р-н Кировский, мкр. ЖБИ, м. Динамо, Парк Каменные Палатки ЖК",6077050,97000,62.65
"Свердловская область, Екатеринбург, р-н Кировский, мкр. ЖБИ, м. Геологическая, улица Рассветная, 8к4",6139800,81000,75.8
"Свердловская область, Екатеринбург, р-н Кировский, мкр. Втузгородок, м. Площадь 1905 года",6240000,96296,64.8
"Свердловская область, Екатеринбург, р-н Кировский, мкр. ЖБИ, м. Динамо, Парк Каменные Палатки ЖК",6215000,100000,62.15
"Свердловская область, Екатеринбург, р-н Кировский, мкр. ЖБИ, м. Геологическая, улица Рассветная, 8к4",6314000,82000,77.0
"Свердловская область, Екатеринбург, р-н Кировский, мкр. ЖБИ, м. Геологическая, улица Рассветная, 8к4",6314000,82000,77.0
"Свердловская область, Екатеринбург, р-н Кировский, мкр. Втузгородок, м. Уральская, Теплые Кварталы ЖК",6459130,103000,62.71
"Свердловская область, Екатеринбург, р-н Кировский, мкр. Пионерский, м. Уральская, Основа ЖК",6519300,93000,70.1
"Свердловская область, Екатеринбург, р-н Кировский, мкр. Пионерский, м. Уральская, Цветной Бульвар ЖК",6590550,79500,82.9
"Свердловская область, Екатеринбург, р-н Кировский, мкр. Втузгородок, м. Уральская, Теплые Кварталы ЖК",6825410,89000,76.69
"Свердловская область, Екатеринбург, р-н Кировский, мкр. Втузгородок, м. Уральская, улица Мира, 3",3830000,70926,54.0
"Свердловская область, Екатеринбург, р-н Кировский, мкр. Втузгородок, м. Уральская, Теплые Кварталы ЖК",6903000,90000,76.7
"Свердловская область, Екатеринбург, р-н Кировский, мкр. Втузгородок, м. Уральская, Теплые Кварталы ЖК",6961433,90750,76.71
"Свердловская область, Екатеринбург, р-н Кировский, мкр. Втузгородок, м. Геологическая, Комсомольская улица, 67",6982000,99317,70.3
"Свердловская область, Екатеринбург, р-н Кировский, мкр. Втузгородок, м. Геологическая, улица Мира, 47к4",6979000,100316,69.57
"Свердловская область, Екатеринбург, р-н Кировский, мкр. Втузгородок, м. Геологическая, Комсомольская улица, 67",7050000,99858,70.6
"Свердловская область, Екатеринбург, р-н Кировский, мкр. ЖБИ, м. Динамо, Парк Каменные Палатки ЖК",7070984,79700,88.72
"Свердловская область, Екатеринбург, р-н Кировский, мкр. Втузгородок, м. Площадь 1905 года",7142000,100028,71.4
"Свердловская область, Екатеринбург, р-н Кировский, мкр. Пионерский, м. Уральская, Основа ЖК",7140000,105000,68.0
"Свердловская область, Екатеринбург, р-н Кировский, мкр. ЖБИ, м. Динамо, Парк Каменные Палатки ЖК",7362454,88300,83.38
"Свердловская область, Екатеринбург, р-н Кировский, мкр. Пионерский, улица Солнечная",7400000,109290,67.71
"Свердловская область, Екатеринбург, р-н Кировский, мкр. Втузгородок, м. Уральская, Теплые Кварталы ЖК",7810626,90600,86.21
"Свердловская область, Екатеринбург, р-н Кировский, мкр. Втузгородок, м. Уральская, Теплые Кварталы ЖК",7793384,90400,86.21
"Свердловская область, Екатеринбург, р-н Кировский, мкр. Втузгородок, м. Уральская, Теплые Кварталы ЖК",7874604,91800,85.78
"Свердловская область, Екатеринбург, р-н Кировский, мкр. Втузгородок, м. Уральская, Теплые Кварталы ЖК",7856190,79500,98.82
"Свердловская область, Екатеринбург, р-н Кировский, мкр. Втузгородок, м. Геологическая, улица Педагогическая, 28",7850000,84499,92.9
"Свердловская область, Екатеринбург, р-н Кировский, мкр. Втузгородок, м. Уральская, Теплые Кварталы ЖК",8004420,81000,98.82
"Свердловская область, Екатеринбург, р-н Кировский, мкр. Втузгородок, м. Уральская, Теплые Кварталы ЖК",8032752,93600,85.82
"Свердловская область, Екатеринбург, р-н Кировский, мкр. Втузгородок, м. Уральская, Теплые Кварталы ЖК",8148038,83750,97.29
"Свердловская область, Екатеринбург, р-н Кировский, мкр. Втузгородок, м. Геологическая, улица Мира, 47к4",8127000,100894,80.55
"Свердловская область, Екатеринбург, р-н Кировский, мкр. Втузгородок, м. Геологическая, Комсомольская улица, 67",8338000,102938,81.0
"Свердловская область, Екатеринбург, р-н Кировский, мкр. ЖБИ, м. Динамо, Парк Каменные Палатки ЖК",8460206,88700,95.38
"Свердловская область, Екатеринбург, р-н Кировский, мкр. ЖБИ, м. Динамо, Парк Каменные Палатки ЖК",8700000,86524,100.55
"Свердловская область, Екатеринбург, р-н Кировский, мкр. ЖБИ, м. Динамо, Парк Каменные Палатки ЖК",8678950,90500,95.9
"Свердловская область, Екатеринбург, р-н Кировский, мкр. Втузгородок, м. Геологическая, улица Педагогическая, 28",8930000,94099,94.9
"Свердловская область, Екатеринбург, р-н Кировский, мкр. Втузгородок, м. Геологическая, улица Мира, 47к3",10563000,113581,93.0
"Свердловская область, Екатеринбург, р-н Кировский, мкр. Пионерский, м. Уральская, Основа ЖК",10792600,91000,118.6
"Свердловская область, Екатеринбург, р-н Кировский, мкр. Втузгородок, м. Геологическая, улица Мира, 47к4",10822000,87941,123.06
"Свердловская область, Екатеринбург, р-н Кировский, мкр. Пионерский, м. Уральская, Основа ЖК",11029800,93000,118.6
"Свердловская область, Екатеринбург, р-н Кировский, мкр. Втузгородок, м. Геологическая, улица Мира, 47к4",11207000,90855,123.35
"Свердловская область, Екатеринбург, р-н Кировский, мкр. Втузгородок, м. Геологическая, улица Мира, 47к4",11250000,91204,123.35
"Свердловская область, Екатеринбург, р-н Кировский, мкр. Втузгородок, м. Геологическая, улица Педагогическая, 28",11300000,88006,128.4
"Свердловская область, Екатеринбург, р-н Кировский, мкр. Центр, Первомайская улица, 60",11568000,120500,96.0
"Свердловская область, Екатеринбург, р-н Кировский, мкр. Втузгородок, м. Геологическая, улица Педагогическая, 28",11730000,91928,127.6
"Свердловская область, Екатеринбург, р-н Кировский, мкр. Центр, Первомайская улица, 60",12312000,180000,68.4
"Свердловская область, Екатеринбург, р-н Кировский, мкр. Центр, Первомайская улица, 60",14688000,120000,122.4
"Свердловская область, Екатеринбург, р-н Кировский, мкр. Пионерский, Советская улица, 44",7950000,81288,97.8
"Свердловская область, Екатеринбург, р-н Кировский, мкр. Втузгородок, переулок Отдельный",4990000,68544,72.8
"Свердловская область, Екатеринбург, р-н Кировский, мкр. Пионерский, улица Июльская, 25",8590000,103494,83.0
"Свердловская область, Екатеринбург, р-н Кировский, мкр. Втузгородок, улица Кулибина, 3",4499000,77569,58.0
"Свердловская область, Екатеринбург, р-н Кировский, мкр. ЖБИ, улица Сыромолотова",4600000,97872,47.0
"Свердловская область, Екатеринбург, р-н Кировский, мкр. Втузгородок, улица Библиотечная, 50А",6900000,75000,92.0
"Свердловская область, Екатеринбург, р-н Кировский, мкр. Центр, улица Бажова, 68",11500000,118557,97.0
"Свердловская область, Екатеринбург, р-н Кировский, мкр. Центр, улица Мичурина, 40",4700000,87037,54.0
"Свердловская область, Екатеринбург, р-н Кировский, мкр. ЖБИ, м. Динамо, Парк Каменные Палатки ЖК",4413150,105000,42.03
"Свердловская область, Екатеринбург, р-н Кировский, мкр. Центр, м. Площадь 1905 года, улица Толмачева, 25",5580000,129167,43.2
"Свердловская область, Екатеринбург, р-н Кировский, мкр. Пионерский, м. Машиностроителей, улица Блюхера, 95",5157406,82518,62.5
"Свердловская область, Екатеринбург, р-н Кировский, мкр. Втузгородок, м. Площадь 1905 года",7491000,105359,71.1
"Свердловская область, Екатеринбург, р-н Кировский, мкр. Пионерский, м. Уральская, Основа ЖК",7840800,99000,79.2
"Свердловская область, Екатеринбург, р-н Кировский, мкр. Пионерский, м. Уральская, Цветной Бульвар ЖК",3608800,104000,34.7
"Свердловская область, Екатеринбург, р-н Кировский, мкр. Пионерский, м. Уральская, Цветной Бульвар ЖК",5722700,89000,64.3
"Свердловская область, Екатеринбург, р-н Кировский, мкр. Пионерский, м. Машиностроителей, улица Данилы Зверева, 11",8172000,86294,94.7
"Свердловская область, Екатеринбург, р-н Кировский, мкр. Втузгородок, м. Геологическая, улица Мира, 47к3",10635000,113865,93.4
"Свердловская область, Екатеринбург, р-н Кировский, мкр. Пионерский, м. Уральская, улица Июльская, 19",3700000,86449,42.8
"Свердловская область, Екатеринбург, р-н Кировский, мкр. Пионерский, м. Уральская, Советская улица, 64",2928000,120000,24.4
"Свердловская область, Екатеринбург, р-н Кировский, мкр. Пионерский, м. Машиностроителей, Уральский ЖК",4534608,85883,52.8
"Свердловская область, Екатеринбург, р-н Кировский, мкр. Пионерский, м. Машиностроителей, улица Данилы Зверева, 11",7055000,94571,74.6
"Свердловская область, Екатеринбург, р-н Кировский, мкр. Втузгородок, м. Уральская, Теплые Кварталы ЖК",7731584,89600,86.29
"Свердловская область, Екатеринбург, р-н Кировский, мкр. Втузгородок, м. Геологическая, улица Мира, 47к4",8135000,96638,84.18
"Свердловская область, Екатеринбург, р-н Кировский, мкр. Пионерский, м. Уральская, Основа ЖК",11148400,94000,118.6
"Свердловская область, Екатеринбург, р-н Кировский, мкр. Втузгородок, м. Геологическая, улица Мира, 47к4",11660000,94528,123.35
"Свердловская область, Екатеринбург, р-н Кировский, мкр. ЖБИ, м. Геологическая, улица Рассветная, 8к4",4729200,84000,56.3
"Свердловская область, Екатеринбург, р-н Кировский, мкр. Втузгородок, м. Геологическая, улица Мира, 47к4",5069000,118462,42.79
"Свердловская область, Екатеринбург, р-н Кировский, мкр. Пионерский, улица Александровская, 3",3699000,72959,50.7
"Свердловская область, Екатеринбург, р-н Кировский, мкр. ЖБИ, улица Новгородцевой, 17",3600000,73469,49.0
"Свердловская область, Екатеринбург, р-н Кировский, мкр. Пионерский, Советская улица, 53",3399000,79976,42.5
"Свердловская область, Екатеринбург, р-н Кировский, мкр. Пионерский, м. Уральская, Цветной Бульвар ЖК",3772000,92000,41.0
"Свердловская область, Екатеринбург, р-н Кировский, мкр. Центр, м. Динамо, улица Шевченко, 20",11499000,112735,102.0
"Свердловская область, Екатеринбург, р-н Кировский, мкр. Втузгородок, улица Мира, 12А",5350000,68943,77.6
"Свердловская область, Екатеринбург, р-н Кировский, мкр. Пионерский, улица Менжинского, 1А",3200000,64000,50.0
"Свердловская область, Екатеринбург, р-н Кировский, мкр. Пионерский, Советская улица, 56",5200000,65823,79.0
"Свердловская область, Екатеринбург, р-н Кировский, мкр. Втузгородок, улица Малышева, 103к1",3950000,92941,42.5
"Свердловская область, Екатеринбург, р-н Кировский, мкр. ЖБИ, улица Новгородцевой, 5к3",3800000,79002,48.1
"Свердловская область, Екатеринбург, р-н Кировский, мкр. ЖБИ, бульвар Сиреневый, 3",4490000,69077,65.0
"Свердловская область, Екатеринбург, р-н Кировский, мкр. Центр, улица Бажова, 74",2880000,102128,28.2
"Свердловская область, Екатеринбург, р-н Кировский, мкр. Пионерский, м. Уральская, Уральская улица, 57к1",5200000,83067,62.6
"Свердловская область, Екатеринбург, р-н Кировский, мкр. Втузгородок, улица Малышева, 160",3490000,99714,35.0
"Свердловская область, Екатеринбург, р-н Кировский, мкр. ЖБИ, улица Рассветная, 6к2",5300000,87603,60.5
"Свердловская область, Екатеринбург, р-н Кировский, мкр. Пионерский, м. Уральская, улица Солнечная, 35",2690000,63593,42.3
"Свердловская область, Екатеринбург, р-н Кировский, мкр. Втузгородок, м. Площадь 1905 года, проспект Ленина, 70",6280000,80513,78.0
"Свердловская область, Екатеринбург, р-н Кировский, мкр. Втузгородок, улица Комвузовская, 11",3190000,72500,44.0
"Свердловская область, Екатеринбург, р-н Кировский, мкр. ЖБИ, улица 40-летия Комсомола, 32Г",2649000,69711,38.0
"Свердловская область, Екатеринбург, р-н Кировский, мкр. ЖБИ, улица Владимира Высоцкого, 10",5199900,67182,77.4
"Свердловская область, Екатеринбург, р-н Кировский, мкр. Пионерский, м. Уральская, Советская улица, 18",2800000,90323,31.0
"Свердловская область, Екатеринбург, р-н Кировский, мкр. Пионерский, улица Садовая, 4",7450000,96129,77.5
"Свердловская область, Екатеринбург, р-н Кировский, мкр. Втузгородок, улица Гагарина, 49",4000000,90909,44.0
"Свердловская область, Екатеринбург, р-н Кировский, мкр. ЖБИ, м. Геологическая, улица Рассветная, 8к4",2370000,100000,23.7
"Свердловская область, Екатеринбург, р-н Кировский, мкр. ЖБИ, м. Геологическая, улица Рассветная, 8к4",2509800,94000,26.7
"Свердловская область, Екатеринбург, р-н Кировский, мкр. ЖБИ, м. Геологическая, улица Рассветная, 8к4",2598600,91500,28.4
"Свердловская область, Екатеринбург, р-н Кировский, мкр. Пионерский, м. Уральская, Цветной Бульвар ЖК",2598400,112000,23.2
"Свердловская область, Екатеринбург, р-н Кировский, мкр. ЖБИ, улица Новгородцевой, 31",3700000,78224,47.3
"Свердловская область, Екатеринбург, р-н Кировский, мкр. ЖБИ, м. Геологическая, улица Рассветная, 8к4",2554400,103000,24.8
"Свердловская область, Екатеринбург, р-н Кировский, мкр. Пионерский, м. Машиностроителей, Уральский ЖК",2649948,96362,27.5
"Свердловская область, Екатеринбург, р-н Кировский, мкр. Пионерский, м. Уральская, Цветной Бульвар ЖК",2662400,104000,25.6
"Свердловская область, Екатеринбург, р-н Кировский, мкр. Пионерский, м. Уральская, Цветной Бульвар ЖК",2743200,108000,25.4
"Свердловская область, Екатеринбург, р-н Кировский, мкр. Пионерский, м. Машиностроителей, Уральский ЖК",2743780,95936,28.6
"Свердловская область, Екатеринбург, р-н Кировский, мкр. Пионерский, м. Уральская, Советская улица, 64",2750640,125600,21.9
"Свердловская область, Екатеринбург, р-н Кировский, мкр. Пионерский, улица Данилы Зверева, 7В",6520000,86209,75.63
"Свердловская область, Екатеринбург, р-н Кировский, мкр. ЖБИ, м. Геологическая, улица Рассветная, 8к4",2827500,97500,29.0
"Свердловская область, Екатеринбург, р-н Кировский, мкр. Пионерский, м. Машиностроителей, улица Блюхера, 95",3105197,97648,31.8
"Свердловская область, Екатеринбург, р-н Кировский, мкр. Пионерский, м. Машиностроителей, Уральский ЖК",3191469,96129,33.2
"Свердловская область, Екатеринбург, р-н Кировский, мкр. Пионерский, м. Уральская, Основа ЖК",3283200,114000,28.8
"Свердловская область, Екатеринбург, р-н Кировский, мкр. Пионерский, м. Машиностроителей, Уральский ЖК",3282231,95972,34.2
"Свердловская область, Екатеринбург, р-н Кировский, мкр. Пионерский, м. Уральская, Основа ЖК",3323200,124000,26.8
"Свердловская область, Екатеринбург, р-н Кировский, мкр. Пионерский, улица Сулимова, 6",5600000,75676,74.0
"Свердловская область, Екатеринбург, р-н Кировский, мкр. Пионерский, м. Машиностроителей, Уральский ЖК",3414181,98391,34.7
"Свердловская область, Екатеринбург, р-н Кировский, мкр. Пионерский, м. Машиностроителей, Уральский ЖК",3461331,97228,35.6
"Свердловская область, Екатеринбург, р-н Кировский, мкр. Пионерский, м. Машиностроителей, Уральский ЖК",3505886,91537,38.3
"Свердловская область, Екатеринбург, р-н Кировский, мкр. Пионерский, м. Машиностроителей, Уральский ЖК",3589981,91348,39.3
"Свердловская область, Екатеринбург, р-н Кировский, мкр. Пионерский, м. Машиностроителей, Уральский ЖК",3618015,90677,39.9
"Свердловская область, Екатеринбург, р-н Кировский, мкр. Пионерский, м. Уральская, Цветной Бульвар ЖК",3692100,93000,39.7
"Свердловская область, Екатеринбург, р-н Кировский, мкр. Пионерский, м. Машиностроителей, Уральский ЖК",3665482,84653,43.3
"Свердловская область, Екатеринбург, р-н Кировский, мкр. Втузгородок, м. Машиностроителей, Современник ЖК",3700000,114658,32.27
"Свердловская область, Екатеринбург, р-н Кировский, мкр. ЖБИ, м. Геологическая, улица Рассветная, 8к4",3702600,93500,39.6
"Свердловская область, Екатеринбург, р-н Кировский, мкр. Пионерский, м. Машиностроителей, Уральский ЖК",3714473,91041,40.8
"Свердловская область, Екатеринбург, р-н Кировский, мкр. Пионерский, улица Блюхера, 99",5850000,82394,71.0
"Свердловская область, Екатеринбург, р-н Кировский, мкр. Пионерский, м. Уральская, Цветной Бульвар ЖК",3743000,95000,39.4
"Свердловская область, Екатеринбург, р-н Кировский, мкр. Пионерский, м. Уральская, Цветной Бульвар ЖК",3759000,89500,42.0
"Свердловская область, Екатеринбург, р-н Кировский, мкр. Пионерский, м. Уральская, Цветной Бульвар ЖК",3784000,107500,35.2
"Свердловская область, Екатеринбург, р-н Кировский, мкр. ЖБИ, м. Геологическая, улица Рассветная, 8к4",3792750,97500,38.9
"Свердловская область, Екатеринбург, р-н Кировский, мкр. ЖБИ, м. Геологическая, улица Рассветная, 8к4",3772550,98500,38.3
"Свердловская область, Екатеринбург, р-н Кировский, мкр. Пионерский, м. Машиностроителей, Уральский ЖК",3818402,91349,41.8
"Свердловская область, Екатеринбург, р-н Кировский, мкр. Пионерский, м. Машиностроителей, Уральский ЖК",3936543,84839,46.4
"Свердловская область, Екатеринбург, р-н Кировский, мкр. Пионерский, м. Машиностроителей, Уральский ЖК",3980746,85059,46.8
"Свердловская область, Екатеринбург, р-н Кировский, мкр. Пионерский, м. Машиностроителей, Уральский ЖК",3981529,89272,44.6
"Свердловская область, Екатеринбург, р-н Кировский, мкр. Пионерский, м. Машиностроителей, Уральский ЖК",4025966,84757,47.5
"Свердловская область, Екатеринбург, р-н Кировский, мкр. Пионерский, м. Машиностроителей, улица Блюхера, 95",4114427,84485,48.7
"Свердловская область, Екатеринбург, р-н Кировский, мкр. Пионерский, м. Машиностроителей, Уральский ЖК",4125445,84365,48.9
"Свердловская область, Екатеринбург, р-н Кировский, мкр. Пионерский, м. Уральская, Цветной Бульвар ЖК",4101250,96500,42.5
"Свердловская область, Екатеринбург, р-н Кировский, мкр. Пионерский, м. Машиностроителей, Уральский ЖК",4201272,84363,49.8
"Свердловская область, Екатеринбург, р-н Кировский, мкр. Пионерский, м. Уральская, Основа ЖК",4226200,113000,37.4
"Свердловская область, Екатеринбург, р-н Кировский, мкр. Пионерский, м. Машиностроителей, улица Блюхера, 95",4243814,91462,46.4
"Свердловская область, Екатеринбург, р-н Кировский, мкр. Пионерский, м. Уральская, Основа ЖК",4238700,106500,39.8
"Свердловская область, Екатеринбург, р-н Кировский, мкр. Пионерский, м. Машиностроителей, Уральский ЖК",4232442,84818,49.9
"Свердловская область, Екатеринбург, р-н Кировский, мкр. Пионерский, улица Сулимова, 6",5900000,80163,73.6
"Свердловская область, Екатеринбург, р-н Кировский, мкр. ЖБИ, улица Владимира Высоцкого, 18Д",5900000,92188,64.0
"Свердловская область, Екатеринбург, р-н Кировский, мкр. Центр, улица Шевченко, 12",6300000,81290,77.5
"Свердловская область, Екатеринбург, р-н Кировский, мкр. Пионерский, улица Сулимова, 3",4250000,106516,39.9
"Свердловская область, Екатеринбург, р-н Кировский, мкр. Пионерский, м. Уральская, Цветной Бульвар ЖК",4267900,91000,46.9
"Свердловская область, Екатеринбург, р-н Кировский, мкр. Пионерский, м. Машиностроителей, улица Блюхера, 95",4266705,84994,50.2
"Свердловская область, Екатеринбург, р-н Кировский, мкр. ЖБИ, м. Динамо, Парк Каменные Палатки ЖК",4251780,103500,41.08
"Свердловская область, Екатеринбург, р-н Кировский, мкр. Пионерский, м. Машиностроителей, улица Блюхера, 95",4258469,88167,48.3
"Свердловская область, Екатеринбург, р-н Кировский, мкр. Пионерский, м. Уральская, Основа ЖК",4345200,106500,40.8
"Свердловская область, Екатеринбург, р-н Кировский, мкр. Пионерский, м. Уральская, Основа ЖК",4305600,103500,41.6
"Свердловская область, Екатеринбург, р-н Кировский, мкр. Втузгородок, м. Площадь 1905 года",4344000,127018,34.2
"Свердловская область, Екатеринбург, р-н Кировский, мкр. ЖБИ, улица 40-летия Комсомола",6590000,73222,90.0
"Свердловская область, Екатеринбург, р-н Кировский, мкр. Центр, улица Мамина-Сибиряка, 54",8050000,88074,91.4
"Свердловская область, Екатеринбург, р-н Кировский, мкр. Пионерский, м. Машиностроителей, улица Сулимова, 3",4300000,104268,41.24
"Свердловская область, Екатеринбург, р-н Кировский, мкр. ЖБИ, м. Динамо, Парк Каменные Палатки ЖК",4356720,108000,40.34
"Свердловская область, Екатеринбург, р-н Кировский, мкр. Втузгородок, м. Уральская, Теплые Кварталы ЖК",4352537,108596,40.08
"Свердловская область, Екатеринбург, р-н Кировский, мкр. Пионерский, м. Машиностроителей, улица Блюхера, 95",4393917,84989,51.7
"Свердловская область, Екатеринбург, р-н Кировский, мкр. Втузгородок, м. Уральская, Теплые Кварталы ЖК",4390950,109500,40.1
"Свердловская область, Екатеринбург, р-н Кировский, мкр. ЖБИ, м. Динамо, Парк Каменные Палатки ЖК",4401120,106000,41.52
"Свердловская область, Екатеринбург, р-н Кировский, мкр. Пионерский, м. Машиностроителей, Уральский ЖК",4428117,84185,52.6
"Свердловская область, Екатеринбург, р-н Кировский, мкр. Пионерский, м. Машиностроителей, Уральский ЖК",4445769,85992,51.7
"Свердловская область, Екатеринбург, р-н Кировский, мкр. Пионерский, м. Уральская, Цветной Бульвар ЖК",4473300,93000,48.1
"Свердловская область, Екатеринбург, р-н Кировский, мкр. Втузгородок, м. Уральская, Теплые Кварталы ЖК",4532150,115000,39.41
"Свердловская область, Екатеринбург, р-н Кировский, мкр. Пионерский, м. Машиностроителей, улица Блюхера, 95",4528122,85436,53.0
"Свердловская область, Екатеринбург, р-н Кировский, мкр. Втузгородок, м. Уральская, Теплые Кварталы ЖК",4522298,114750,39.41
"Свердловская область, Екатеринбург, р-н Кировский, мкр. Пионерский, м. Машиностроителей, Уральский ЖК",4519000,86240,52.4
"Свердловская область, Екатеринбург, р-н Кировский, мкр. Пионерский, м. Машиностроителей, Уральский ЖК",4539093,84685,53.6
"Свердловская область, Екатеринбург, р-н Кировский, мкр. Втузгородок, м. Уральская, Теплые Кварталы ЖК",4571105,108500,42.13
"Свердловская область, Екатеринбург, р-н Кировский, мкр. Пионерский, м. Машиностроителей, улица Данилы Зверева, 11",4587000,110000,41.7
"Свердловская область, Екатеринбург, р-н Кировский, мкр. ЖБИ, улица 40-летия Комсомола, 32Г",2250000,77586,29.0
"Свердловская область, Екатеринбург, р-н Кировский, мкр. Шарташ, Телефонный переулок, 29",2300000,45187,50.9
"Свердловская область, Екатеринбург, р-н Кировский, мкр. ЖБИ, улица 40-летия Комсомола, 32Г",2320000,85926,27.0
"Свердловская область, Екатеринбург, р-н Кировский, мкр. ЖБИ, улица Владимира Высоцкого, 36",6400000,88889,72.0
"Свердловская область, Екатеринбург, р-н Кировский, мкр. Пионерский, м. Машиностроителей, Уральский ЖК",4647346,86062,54.0
"Свердловская область, Екатеринбург, р-н Кировский, мкр. Втузгородок, м. Уральская, Теплые Кварталы ЖК",4644833,110250,42.13
"Свердловская область, Екатеринбург, р-н Кировский, мкр. Пионерский, м. Уральская, Уральская улица, 5",4600000,125341,36.7
"Свердловская область, Екатеринбург, р-н Кировский, мкр. Пионерский, м. Машиностроителей, Уральский ЖК",4691600,74000,63.4
"Свердловская область, Екатеринбург, р-н Кировский, мкр. Пионерский, м. Машиностроителей, Уральский ЖК",4743400,74000,64.1
"Свердловская область, Екатеринбург, р-н Кировский, мкр. Пионерский, м. Машиностроителей, улица Данилы Зверева, 11",4715000,101398,46.5
"Свердловская область, Екатеринбург, р-н Кировский, мкр. Центр, м. Динамо, улица Шевченко, 20",8950000,117763,76.0
"Свердловская область, Екатеринбург, р-н Кировский, мкр. Втузгородок, м. Уральская, Теплые Кварталы ЖК",4774050,103000,46.35
"Свердловская область, Екатеринбург, р-н Кировский, мкр. Пионерский, м. Машиностроителей, улица Данилы Зверева, 11",4759000,103232,46.1
"Свердловская область, Екатеринбург, р-н Кировский, мкр. Пионерский, м. Машиностроителей, Уральский ЖК",4795200,74000,64.8
"Свердловская область, Екатеринбург, р-н Кировский, мкр. Втузгородок, м. Геологическая, улица Мира, 47к4",4797000,113997,42.08
"Свердловская область, Екатеринбург, р-н Кировский, мкр. Втузгородок, м. Машиностроителей, улица Раевского",4800000,97899,49.03
"Свердловская область, Екатеринбург, р-н Кировский, мкр. Втузгородок, м. Машиностроителей, Современник ЖК",4800000,97899,49.03
"Свердловская область, Екатеринбург, р-н Кировский, мкр. ЖБИ, м. Геологическая, улица Рассветная, 8к4",4884800,86000,56.8
"Свердловская область, Екатеринбург, р-н Кировский, мкр. Пионерский, м. Машиностроителей, Уральский ЖК",4876400,73000,66.8
"Свердловская область, Екатеринбург, р-н Кировский, мкр. Пионерский, м. Машиностроителей, Уральский ЖК",4854400,74000,65.6
"Свердловская область, Екатеринбург, р-н Кировский, мкр. Центр, улица Шевченко, 20",8950000,117763,76.0
"Свердловская область, Екатеринбург, р-н Кировский, мкр. Пионерский, м. Машиностроителей, Уральский ЖК",4948720,85176,58.1
"Свердловская область, Екатеринбург, р-н Кировский, мкр. Пионерский, м. Уральская, Основа ЖК",4983000,110000,45.3
"Свердловская область, Екатеринбург, р-н Кировский, мкр. Пионерский, м. Уральская, Советская улица, 64",5007520,105200,47.6
"Свердловская область, Екатеринбург, р-н Кировский, мкр. Пионерский, м. Машиностроителей, Уральский ЖК",5000500,73000,68.5
"Свердловская область, Екатеринбург, р-н Кировский, мкр. Центр, улица Шевченко, 20",8200000,146429,56.0
"Свердловская область, Екатеринбург, р-н Кировский, мкр. ЖБИ, м. Геологическая, улица Рассветная, 8к4",5019300,84500,59.4
"Свердловская область, Екатеринбург, р-н Кировский, мкр. Пионерский, м. Машиностроителей, Уральский ЖК",5032000,74000,68.0
"Свердловская область, Екатеринбург, р-н Кировский, мкр. Пионерский, м. Машиностроителей, улица Блюхера, 95",5088437,68393,74.4
"Свердловская область, Екатеринбург, р-н Кировский, мкр. ЖБИ, м. Геологическая, улица Рассветная, 8к4",5061550,84500,59.9
"Свердловская область, Екатеринбург, р-н Кировский, мкр. Пионерский, м. Машиностроителей, Уральский ЖК",5068825,85622,59.2
"Свердловская область, Екатеринбург, р-н Кировский, мкр. Пионерский, м. Машиностроителей, Уральский ЖК",5157800,74000,69.7
"Свердловская область, Екатеринбург, р-н Кировский, мкр. Втузгородок, м. Геологическая, улица Мира, 47к4",5178000,113528,45.61
"Свердловская область, Екатеринбург, р-н Кировский, мкр. Пионерский, м. Машиностроителей, Уральский ЖК",5246600,74000,70.9
"Свердловская область, Екатеринбург, р-н Кировский, мкр. Втузгородок, м. Уральская, Теплые Кварталы ЖК",5250308,97300,53.96
"Свердловская область, Екатеринбург, р-н Кировский, мкр. Пионерский, м. Машиностроителей, улица Блюхера, 95",5285237,69360,76.2
"Свердловская область, Екатеринбург, р-н Кировский, мкр. Втузгородок, м. Геологическая, улица Мира, 47к4",5347000,98020,54.55
"Свердловская область, Екатеринбург, р-н Кировский, мкр. Пионерский, м. Машиностроителей, улица Блюхера, 95",5317927,68266,77.9
"Свердловская область, Екатеринбург, р-н Кировский, мкр. Пионерский, м. Машиностроителей, Уральский ЖК",5362500,75000,71.5
"Свердловская область, Екатеринбург, р-н Кировский, мкр. Пионерский, м. Машиностроителей, улица Блюхера, 95",5584127,70241,79.5
"Свердловская область, Екатеринбург, р-н Кировский, мкр. Втузгородок, м. Машиностроителей, Современник ЖК",5600000,99680,56.18
"Свердловская область, Екатеринбург, р-н Кировский, мкр. Пионерский, м. Уральская, Цветной Бульвар ЖК",5611500,87000,64.5
"Свердловская область, Екатеринбург, р-н Кировский, мкр. Пионерский, м. Машиностроителей, Уральский ЖК",5632500,75000,75.1
"Свердловская область, Екатеринбург, р-н Кировский, мкр. Пионерский, м. Уральская, Основа ЖК",5668200,100500,56.4
"Свердловская область, Екатеринбург, р-н Кировский, мкр. Пионерский, м. Уральская, Советская улица, 64",5699970,83700,68.1
"Свердловская область, Екатеринбург, р-н Кировский, мкр. Втузгородок, м. Геологическая, улица Мира, 47к3",5673000,138704,40.9
"Свердловская область, Екатеринбург, р-н Кировский, мкр. Пионерский, м. Уральская, Основа ЖК",5714800,91000,62.8
"Свердловская область, Екатеринбург, р-н Кировский, мкр. Пионерский, м. Машиностроителей, улица Блюхера, 95",5732360,69315,82.7
"Свердловская область, Екатеринбург, р-н Кировский, мкр. Пионерский, м. Уральская, Основа ЖК",5713400,106000,53.9
"Свердловская область, Екатеринбург, р-н Кировский, мкр. Пионерский, м. Машиностроителей, улица Блюхера, 95",5788830,88244,65.6
"Свердловская область, Екатеринбург, р-н Кировский, мкр. Пионерский, м. Уральская, Советская улица, 64",5770550,88100,65.5
"Свердловская область, Екатеринбург, р-н Кировский, мкр. Пионерский, м. Уральская, Советская улица, 64",5787650,93500,61.9
"Свердловская область, Екатеринбург, р-н Кировский, мкр. Пионерский, м. Уральская, Советская улица, 64",5787900,88500,65.4
"Свердловская область, Екатеринбург, р-н Кировский, мкр. Пионерский, м. Уральская, улица Солнечная, 31А",5750000,100877,57.0
"Свердловская область, Екатеринбург, р-н Кировский, мкр. Пионерский, м. Машиностроителей, улица Блюхера, 95",5849092,84281,69.4
"Свердловская область, Екатеринбург, р-н Кировский, мкр. Пионерский, улица Сулимова",5878000,94806,62.0
"Свердловская область, Екатеринбург, р-н Кировский, мкр. Втузгородок, м. Площадь 1905 года",5953620,105374,56.5
"Свердловская область, Екатеринбург, р-н Кировский, мкр. Пионерский, м. Машиностроителей, Уральский ЖК",6066300,73000,83.1
"Свердловская область, Екатеринбург, р-н Кировский, мкр. Втузгородок, м. Геологическая, улица Мира, 47к4",6083000,106439,57.15
"Свердловская область, Екатеринбург, р-н Кировский, мкр. Втузгородок, м. Геологическая, улица Мира, 47к4",6115000,103399,59.14
"Свердловская область, Екатеринбург, р-н Кировский, мкр. ЖБИ, м. Геологическая, улица Рассветная, 8к4",6139800,81000,75.8
"Свердловская область, Екатеринбург, р-н Кировский, мкр. Пионерский, м. Машиностроителей, улица Данилы Зверева, 11",6153000,97978,62.8
"Свердловская область, Екатеринбург, р-н Кировский, мкр. Втузгородок, м. Геологическая, улица Мира, 47к3",6213000,134481,46.2
"Свердловская область, Екатеринбург, р-н Кировский, мкр. Пионерский, м. Уральская, Цветной Бульвар ЖК",6251400,75500,82.8
"Свердловская область, Екатеринбург, р-н Кировский, мкр. ЖБИ, м. Геологическая, улица Рассветная, 8к4",6237000,81000,77.0
"Свердловская область, Екатеринбург, р-н Кировский, мкр. Пионерский, м. Машиностроителей, Уральский ЖК",6282600,74000,84.9
"Свердловская область, Екатеринбург, р-н Кировский, мкр. Втузгородок, м. Геологическая, улица Мира, 47к4",6288000,99086,63.46
"Свердловская область, Екатеринбург, р-н Кировский, мкр. Пионерский, м. Уральская, Основа ЖК",6480000,108000,60.0
"Свердловская область, Екатеринбург, р-н Кировский, мкр. Втузгородок, м. Площадь 1905 года",6479000,100762,64.3
"Свердловская область, Екатеринбург, р-н Кировский, мкр. Втузгородок, м. Геологическая, улица Мира, 47к4",6492000,99221,65.43
"Свердловская область, Екатеринбург, р-н Кировский, мкр. Втузгородок, м. Геологическая, Комсомольская улица, 67",6480000,100000,64.8
"Свердловская область, Екатеринбург, р-н Кировский, мкр. Втузгородок, м. Геологическая, улица Мира, 47к4",6483000,100871,64.27
"Свердловская область, Екатеринбург, р-н Кировский, мкр. Пионерский, м. Уральская, Основа ЖК",6547200,96000,68.2
"Свердловская область, Екатеринбург, р-н Кировский, мкр. Пионерский, м. Уральская, Основа ЖК",6589400,94000,70.1
"Свердловская область, Екатеринбург, р-н Кировский, мкр. Пионерский, м. Машиностроителей, улица Данилы Зверева, 11",6693000,91560,73.1
"Свердловская область, Екатеринбург, р-н Кировский, мкр. Втузгородок, м. Геологическая, Комсомольская улица, 67",6667000,94034,70.9
"Свердловская область, Екатеринбург, р-н Кировский, мкр. Втузгородок, м. Геологическая, улица Мира, 47к3",6682000,133640,50.0
"Свердловская область, Екатеринбург, р-н Кировский, мкр. Втузгородок, м. Геологическая, улица Мира, 47к4",6849000,98731,69.37
"Свердловская область, Екатеринбург, р-н Кировский, мкр. Втузгородок, м. Геологическая, Комсомольская улица, 67",6920000,98435,70.3
"Свердловская область, Екатеринбург, р-н Кировский, мкр. Втузгородок, м. Площадь 1905 года",6944000,94605,73.4
"Свердловская область, Екатеринбург, р-н Кировский, мкр. Втузгородок, м. Площадь 1905 года",6965000,97413,71.5
"Свердловская область, Екатеринбург, р-н Кировский, мкр. Втузгородок, м. Площадь 1905 года",6957000,100245,69.4
"Свердловская область, Екатеринбург, р-н Кировский, мкр. Втузгородок, м. Геологическая, улица Мира, 47к4",6958000,95003,73.24
"Свердловская область, Екатеринбург, р-н Кировский, мкр. Пионерский, м. Уральская, Цветной Бульвар ЖК",7045200,85500,82.4
"Свердловская область, Екатеринбург, р-н Кировский, мкр. Втузгородок, м. Уральская, Теплые Кварталы ЖК",7023915,92250,76.14
"Свердловская область, Екатеринбург, р-н Кировский, мкр. Втузгородок, м. Площадь 1905 года",7002000,100748,69.5
"Свердловская область, Екатеринбург, р-н Кировский, мкр. ЖБИ, улица 40-летия Комсомола, 24",3000000,111524,26.9
"Свердловская область, Екатеринбург, р-н Кировский, мкр. Пионерский, м. Уральская, Уральская улица, 74",3500000,107034,32.7
"Свердловская область, Екатеринбург, р-н Кировский, мкр. Пионерский, м. Уральская, улица Смазчиков, 3",4400000,113111,38.9
"Свердловская область, Екатеринбург, р-н Кировский, мкр. ЖБИ, улица Владимира Высоцкого, 18",4590000,71719,64.0
"Свердловская область, Екатеринбург, р-н Кировский, мкр. ЖБИ, улица Владимира Высоцкого, 2",4890000,78240,62.5
"Свердловская область, Екатеринбург, р-н Кировский, мкр. ЖБИ, улица Новгородцевой, 19к2",6590000,61589,107.0
"Свердловская область, Екатеринбург, р-н Кировский, мкр. Центр, улица Шевченко, 12",7200000,80627,89.3
"Свердловская область, Екатеринбург, р-н Кировский, мкр. Втузгородок, улица Раевского, 20",8100000,94186,86.0
"Свердловская область, Екатеринбург, р-н Кировский, мкр. ЖБИ, бульвар Сиреневый, 4к4",9100000,85849,106.0
"Свердловская область, Екатеринбург, р-н Кировский, мкр. Втузгородок, улица Ботаническая, 17",16500000,125954,131.0
"Свердловская область, Екатеринбург, р-н Кировский, мкр. ЖБИ, м. Динамо, Парк Каменные Палатки ЖК",7077410,83000,85.27
"Свердловская область, Екатеринбург, р-н Кировский, мкр. Втузгородок, м. Геологическая, улица Мира, 47к4",7087000,101869,69.57
"Свердловская область, Екатеринбург, р-н Кировский, мкр. Втузгородок, м. Площадь 1905 года",7075000,96259,73.5
"Свердловская область, Екатеринбург, р-н Кировский, мкр. Пионерский, м. Машиностроителей, улица Данилы Зверева, 11",7024000,104059,67.5
"Свердловская область, Екатеринбург, р-н Кировский, мкр. Втузгородок, м. Уральская, Теплые Кварталы ЖК",7119375,93750,75.94
"Свердловская область, Екатеринбург, р-н Кировский, мкр. ЖБИ, м. Динамо, Парк Каменные Палатки ЖК",7143570,80500,88.74
"Свердловская область, Екатеринбург, р-н Кировский, мкр. ЖБИ, м. Динамо, Парк Каменные Палатки ЖК",7220560,86000,83.96
"Свердловская область, Екатеринбург, р-н Кировский, мкр. Втузгородок, м. Геологическая, улица Мира, 47к4",7207000,98041,73.51
"Свердловская область, Екатеринбург, р-н Кировский, мкр. ЖБИ, м. Динамо, Парк Каменные Палатки ЖК",7283418,89400,81.47
"Свердловская область, Екатеринбург, р-н Кировский, мкр. Втузгородок, м. Уральская, Теплые Кварталы ЖК",7445020,86000,86.57
"Свердловская область, Екатеринбург, р-н Кировский, мкр. ЖБИ, м. Динамо, Парк Каменные Палатки ЖК",7471800,90000,83.02
"Свердловская область, Екатеринбург, р-н Кировский, мкр. Втузгородок, м. Уральская, Теплые Кварталы ЖК",7574875,87500,86.57
"Свердловская область, Екатеринбург, р-н Кировский, мкр. Втузгородок, м. Площадь 1905 года, Комсомольская улица, 67",7567000,102994,73.47
"Свердловская область, Екатеринбург, р-н Кировский, мкр. ЖБИ, м. Динамо, Парк Каменные Палатки ЖК",7612234,88700,85.82
"Свердловская область, Екатеринбург, р-н Кировский, мкр. Втузгородок, м. Геологическая, Комсомольская улица, 67",7709000,94705,81.4
"Свердловская область, Екатеринбург, р-н Кировский, мкр. Втузгородок, м. Уральская, Теплые Кварталы ЖК",7705697,89300,86.29
"Свердловская область, Екатеринбург, р-н Кировский, мкр. Втузгородок, м. Геологическая, улица Мира, 47к4",7722000,93862,82.27
"Свердловская область, Екатеринбург, р-н Кировский, мкр. Втузгородок, м. Геологическая, улица Мира, 47к4",7698114,94968,81.06
"Свердловская область, Екатеринбург, р-н Кировский, мкр. Втузгородок, м. Геологическая, улица Мира, 47к4",7667000,95301,80.45
"Свердловская область, Екатеринбург, р-н Кировский, мкр. Втузгородок, м. Геологическая, Комсомольская улица, 67",7835000,96017,81.6
"Свердловская область, Екатеринбург, р-н Кировский, мкр. Пионерский, улица Сулимова",7870000,84352,93.3
"Свердловская область, Екатеринбург, р-н Кировский, мкр. Втузгородок, м. Геологическая, Комсомольская улица, 67",7853000,101329,77.5
"Свердловская область, Екатеринбург, р-н Кировский, мкр. Втузгородок, м. Геологическая, улица Педагогическая, 28",7950000,83246,95.5
"Свердловская область, Екатеринбург, р-н Кировский, мкр. Втузгородок, м. Уральская, Теплые Кварталы ЖК",7955010,80500,98.82
"Свердловская область, Екатеринбург, р-н Кировский, мкр. Втузгородок, м. Геологическая, Комсомольская улица, 67",7998000,103601,77.2
"Свердловская область, Екатеринбург, р-н Кировский, мкр. Пионерский, м. Машиностроителей, улица Данилы Зверева, 11",8047000,85334,94.3
"Свердловская область, Екатеринбург, р-н Кировский, мкр. Пионерский, м. Машиностроителей, улица Данилы Зверева, 11",8034000,89366,89.9
"Свердловская область, Екатеринбург, р-н Кировский, мкр. Втузгородок, м. Уральская, Теплые Кварталы ЖК",8095045,82250,98.42
"Свердловская область, Екатеринбург, р-н Кировский, мкр. Втузгородок, м. Уральская, Теплые Кварталы ЖК",8172360,84000,97.29
"Свердловская область, Екатеринбург, р-н Кировский, мкр. Втузгородок, м. Геологическая, улица Мира, 47к2",8340000,112217,74.32
"Свердловская область, Екатеринбург, р-н Кировский, мкр. Втузгородок, м. Геологическая, улица Мира, 47к2",8389557,108927,77.02
"Свердловская область, Екатеринбург, р-н Кировский, мкр. Втузгородок, м. Геологическая, улица Педагогическая, 28",8400000,88328,95.1
"Свердловская область, Екатеринбург, р-н Кировский, мкр. Втузгородок, м. Геологическая, улица Мира, 47к4",8406000,100418,83.71
"Свердловская область, Екатеринбург, р-н Кировский, мкр. Втузгородок, м. Геологическая, улица Мира, 47к3",8584000,124586,68.9
"Свердловская область, Екатеринбург, р-н Кировский, мкр. Втузгородок, м. Геологическая, улица Мира, 47к3",8621000,117934,73.1
"Свердловская область, Екатеринбург, р-н Кировский, мкр. Втузгородок, м. Геологическая, улица Мира, 47к4",8594000,98884,86.91
"Свердловская область, Екатеринбург, р-н Кировский, мкр. Втузгородок, м. Геологическая, улица Мира, 47к3",8621000,116343,74.1
"Свердловская область, Екатеринбург, р-н Кировский, мкр. Пионерский, м. Уральская, Основа ЖК",9009300,88500,101.8
"Свердловская область, Екатеринбург, р-н Кировский, мкр. Пионерский, м. Машиностроителей, улица Данилы Зверева, 11",10049000,82167,122.3
"Свердловская область, Екатеринбург, р-н Кировский, мкр. Втузгородок, м. Геологическая, улица Мира, 47к3",10396000,144189,72.1
"Свердловская область, Екатеринбург, р-н Кировский, мкр. Втузгородок, м. Геологическая, улица Мира, 47к3",10540000,112128,94.0
"Свердловская область, Екатеринбург, р-н Кировский, мкр. Втузгородок, м. Геологическая, улица Мира, 47к4",10801000,87443,123.52
"Свердловская область, Екатеринбург, р-н Кировский, мкр. Втузгородок, м. Геологическая, улица Мира, 47к4",11710000,98544,118.83
"Свердловская область, Екатеринбург, р-н Кировский, мкр. Втузгородок, м. Геологическая, улица Мира, 47к3",11768000,114031,103.2
"Свердловская область, Екатеринбург, р-н Кировский, мкр. Центр, Первомайская улица, 60",12050000,125521,96.0
"Свердловская область, Екатеринбург, р-н Кировский, мкр. Втузгородок, м. Геологическая, улица Педагогическая, 28",12135000,95176,127.5
"Свердловская область, Екатеринбург, р-н Кировский, мкр. Центр, Первомайская улица, 60",12225000,125000,97.8
"Свердловская область, Екатеринбург, р-н Кировский, мкр. Втузгородок, м. Геологическая, улица Мира, 47к2",12300000,111423,110.39
"Свердловская область, Екатеринбург, р-н Кировский, мкр. Центр, Первомайская улица, 60",13057000,110000,118.7
"Свердловская область, Екатеринбург, р-н Кировский, мкр. Центр, Первомайская улица, 60",19362000,140000,138.3
"Свердловская область, Екатеринбург, р-н Кировский, мкр. Центр, Восточная улица, 46",4290000,70792,60.6
"Свердловская область, Екатеринбург, р-н Кировский, мкр. Центр, улица Шевченко, 12",9200000,80420,114.4
"Свердловская область, Екатеринбург, р-н Кировский, мкр. Пионерский, м. Машиностроителей, улица Блюхера, 95",5328091,87346,61.0
"Свердловская область, Екатеринбург, р-н Кировский, мкр. Пионерский, улица Блюхера, 95",3500000,106707,32.8
"Свердловская область, Екатеринбург, р-н Кировский, мкр. ЖБИ, улица 40-летия Комсомола, 32Б",4999000,70508,70.9
"Свердловская область, Екатеринбург, р-н Кировский, мкр. Втузгородок, Университетский мкр",6570000,115466,56.9
"Свердловская область, Екатеринбург, р-н Кировский, мкр. ЖБИ, бульвар Сиреневый, 5",3100000,71594,43.3
"Свердловская область, Екатеринбург, р-н Кировский, мкр. Пионерский, улица Вилонова, 24",4500000,92213,48.8
"Свердловская область, Екатеринбург, р-н Кировский, мкр. ЖБИ, улица 40-летия Комсомола, 32Г",3200000,77295,41.4
"Свердловская область, Екатеринбург, р-н Кировский, мкр. Втузгородок, улица Студенческая, 4",5500000,66265,83.0
"Свердловская область, Екатеринбург, р-н Кировский, мкр. ЖБИ, улица 40-летия Комсомола, 3Б",2955000,99495,29.7
"Свердловская область, Екатеринбург, р-н Кировский, мкр. Втузгородок, улица Академическая, 8",2600000,86667,30.0
"Свердловская область, Екатеринбург, р-н Кировский, мкр. Втузгородок, улица Гагарина, 61А",1150000,71875,16.0
"Свердловская область, Екатеринбург, р-н Кировский, мкр. ЖБИ, улица 40-летия Комсомола, 32Г",1680000,56000,30.0
"Свердловская область, Екатеринбург, р-н Кировский, мкр. Пионерский, Уральская улица, 52к1",2600000,92857,28.0
"Свердловская область, Екатеринбург, р-н Кировский, мкр. Пионерский, м. Уральская, улица Блюхера, 57",2750000,87859,31.3
"Свердловская область, Екатеринбург, р-н Кировский, мкр. Втузгородок, улица Блюхера, 16А",1150000,71875,16.0
"Свердловская область, Екатеринбург, р-н Кировский, мкр. Втузгородок, улица Студенческая, 80",2390000,95600,25.0
"Свердловская область, Екатеринбург, р-н Кировский, мкр. Пионерский, улица Данилы Зверева, 17",2100000,70000,30.0
"Свердловская область, Екатеринбург, р-н Кировский, мкр. Пионерский, м. Динамо, переулок Асбестовский, 3к3",4890000,95882,51.0
"Свердловская область, Екатеринбург, р-н Кировский, мкр. Пионерский, м. Уральская, улица Июльская, 46А",2400000,78176,30.7
"Свердловская область, Екатеринбург, р-н Кировский, мкр. Втузгородок, улица Студенческая, 56",1899000,69055,27.5
"Свердловская область, Екатеринбург, р-н Кировский, мкр. Пионерский, м. Уральская, Уральская улица, 6",2299000,69667,33.0
"Свердловская область, Екатеринбург, р-н Кировский, мкр. Центр, м. Динамо, Кузнечная улица, 84",1780000,125352,14.2
"Свердловская область, Екатеринбург, р-н Кировский, мкр. ЖБИ, бульвар Сиреневый, 21",2920000,67907,43.0
"Свердловская область, Екатеринбург, р-н Кировский, мкр. Втузгородок, улица Блюхера, 16А",1490000,109559,13.6
"Свердловская область, Екатеринбург, р-н Кировский, мкр. Центр, м. Площадь 1905 года, улица Тургенева, 4а",5100000,92727,55.0
"Свердловская область, Екатеринбург, р-н Кировский, мкр. ЖБИ, улица Новгородцевой, 31",2650000,75284,35.2
"Свердловская область, Екатеринбург, р-н Кировский, мкр. Центр, улица Мичурина, 47",2560000,85333,30.0
"Свердловская область, Екатеринбург, р-н Кировский, мкр. Пионерский, улица Сулимова, 25",2700000,85443,31.6
"Свердловская область, Екатеринбург, р-н Кировский, мкр. ЖБИ, м. Ботаническая, улица 40-летия Комсомола, 32Г",2700000,67500,40.0
"Свердловская область, Екатеринбург, р-н Кировский, мкр. ЖБИ, улица Рассветная, 3",2780000,81765,34.0
"Свердловская область, Екатеринбург, р-н Кировский, мкр. ЖБИ, улица 40-летия Комсомола, 32Г",1960000,63226,31.0
"Свердловская область, Екатеринбург, р-н Кировский, мкр. Втузгородок, Комсомольская улица, 6А",2700000,87097,31.0
"Свердловская область, Екатеринбург, р-н Кировский, мкр. Втузгородок, улица Студенческая, 42",1430000,79444,18.0
"Свердловская область, Екатеринбург, р-н Кировский, мкр. ЖБИ, улица Новгородцевой, 13",1600000,26446,60.5
"Свердловская область, Екатеринбург, р-н Кировский, мкр. Пионерский, улица Садовая, 7",1990000,57184,34.8
"Свердловская область, Екатеринбург, р-н Кировский, мкр. Втузгородок, улица Малышева, 158",2650000,66250,40.0
"Свердловская область, Екатеринбург, р-н Кировский, мкр. Пионерский, Советская улица, 1к3",2780000,64651,43.0
"Свердловская область, Екатеринбург, р-н Кировский, мкр. ЖБИ, улица Рассветная, 3",1480000,113846,13.0
"Свердловская область, Екатеринбург, р-н Кировский, мкр. Втузгородок, Комсомольская улица, 50",2625000,90517,29.0
"Свердловская область, Екатеринбург, р-н Кировский, мкр. Пионерский, улица Маяковского, 6",1700000,92896,18.3
"Свердловская область, Екатеринбург, р-н Кировский, мкр. Пионерский, улица Блюхера, 95",3400000,103030,33.0
"Свердловская область, Екатеринбург, р-н Кировский, мкр. ЖБИ, улица 40-летия Комсомола, 32к2",1690000,46944,36.0
"Свердловская область, Екатеринбург, р-н Кировский, мкр. Калиновский, Мурзинская улица, 32А",1950000,52419,37.2
"Свердловская область, Екатеринбург, р-н Кировский, мкр. Втузгородок, Вишневая улица, 34А",2000000,62500,32.0
"Свердловская область, Екатеринбург, р-н Кировский, мкр. Пионерский, улица Тобольская, 76Гк2",2300000,60052,38.3
"Свердловская область, Екатеринбург, р-н Кировский, мкр. Втузгородок, Вишневая улица, 47",1500000,30000,50.0
"Свердловская область, Екатеринбург, р-н Кировский, мкр. ЖБИ, м. Ботаническая, улица 40-летия Комсомола, 32Г",2150000,71667,30.0
"Свердловская область, Екатеринбург, р-н Кировский, мкр. ЖБИ, улица 40-летия Комсомола, 32Г",2750000,68750,40.0
"Свердловская область, Екатеринбург, р-н Кировский, мкр. Центр, проспект Ленина, 83",2250000,140625,16.0
"Свердловская область, Екатеринбург, р-н Кировский, мкр. Втузгородок, улица Студенческая, 78",2400000,53452,44.9
"Свердловская область, Екатеринбург, р-н Кировский, мкр. Втузгородок, м. Уральская, улица Академическая, 23Б",2680000,87296,30.7
"Свердловская область, Екатеринбург, р-н Кировский, мкр. Пионерский, переулок Асбестовский, 3",2850000,64773,44.0
"Свердловская область, Екатеринбург, р-н Кировский, мкр. Пионерский, Советская улица, 56",2750000,98214,28.0
"Свердловская область, Екатеринбург, р-н Кировский, мкр. Втузгородок, Комсомольская улица, 2А",3890000,92619,42.0
"Свердловская область, Екатеринбург, р-н Кировский, мкр. Пионерский, улица Сулимова, 38",2770000,89355,31.0
"Свердловская область, Екатеринбург, р-н Кировский, мкр. Пионерский, Уральская улица, 5",2890000,98635,29.3
"Свердловская область, Екатеринбург, р-н Кировский, мкр. ЖБИ, м. Ботаническая, улица 40-летия Комсомола, 14",2300000,72100,31.9
"Свердловская область, Екатеринбург, р-н Кировский, мкр. Пионерский, улица Сулимова, 61",2950000,68129,43.3
"Свердловская область, Екатеринбург, р-н Кировский, мкр. Втузгородок, улица Малышева, 115",3100000,96875,32.0
"Свердловская область, Екатеринбург, р-н Кировский, мкр. ЖБИ, улица Панельная, 17к1",1890000,103846,18.2
"Свердловская область, Екатеринбург, р-н Кировский, мкр. Втузгородок, улица Гагарина, 3",1490000,87647,17.0
"Свердловская область, Екатеринбург, р-н Кировский, мкр. Пионерский, улица Камчатская, 47",2450000,86572,28.3
"Свердловская область, Екатеринбург, р-н Кировский, мкр. ЖБИ, улица 40-летия Комсомола, 32Г",2649000,69711,38.0
"Свердловская область, Екатеринбург, р-н Кировский, мкр. ЖБИ, улица 40-летия Комсомола, 14Б",2300000,72100,31.9
"Свердловская область, Екатеринбург, р-н Кировский, мкр. ЖБИ, улица Панельная, 9А",1590000,125197,12.7
"Свердловская область, Екатеринбург, р-н Кировский, мкр. ЖБИ, улица 40-летия Комсомола, 32к2",2100000,70000,30.0
"Свердловская область, Екатеринбург, р-н Кировский, мкр. Втузгородок, Комсомольская улица, 10",2950000,67045,44.0
"Свердловская область, Екатеринбург, р-н Кировский, мкр. Пионерский, улица Вилонова, 3А",2790000,48103,58.0
"Свердловская область, Екатеринбург, р-н Кировский, мкр. Втузгородок, улица Ботаническая, 19",10499000,88227,119.0
"Свердловская область, Екатеринбург, р-н Кировский, мкр. Втузгородок, улица Педагогическая, 13",3450000,60526,57.0
"Свердловская область, Екатеринбург, р-н Кировский, мкр. Пионерский, улица Пионеров, 12к1",2750000,94502,29.1
"Свердловская область, Екатеринбург, р-н Кировский, мкр. ЖБИ, улица 40-летия Комсомола, 32к2",2100000,70000,30.0
"Свердловская область, Екатеринбург, р-н Кировский, мкр. ЖБИ, улица Новгородцевой, 31",3580000,75687,47.3
"Свердловская область, Екатеринбург, р-н Кировский, мкр. ЖБИ, улица 40-летия Комсомола, 3Б",2560000,90141,28.4
"Свердловская область, Екатеринбург, р-н Кировский, мкр. ЖБИ, улица Новгородцевой, 7",2800000,83086,33.7
"Свердловская область, Екатеринбург, р-н Кировский, мкр. Втузгородок, м. Динамо, Первомайская улица, 92",2890000,92332,31.3
"Свердловская область, Екатеринбург, р-н Кировский, мкр. ЖБИ, улица Рассветная, 6к1",3690000,97361,37.9
"Свердловская область, Екатеринбург, р-н Кировский, мкр. ЖБИ, улица Новгородцевой, 7",2500000,108696,23.0
"Свердловская область, Екатеринбург, р-н Кировский, мкр. Втузгородок, улица Ботаническая, 26",1450000,96667,15.0
"Свердловская область, Екатеринбург, р-н Кировский, мкр. Изоплит, Изоплитная улица, 18",1700000,29514,57.6
"Свердловская область, Екатеринбург, р-н Кировский, мкр. Калиновский, Бережная улица, 18",1900000,63973,29.7
"Свердловская область, Екатеринбург, р-н Кировский, мкр. ЖБИ, улица 40-летия Комсомола, 32Г",2150000,71667,30.0
"Свердловская область, Екатеринбург, р-н Кировский, мкр. Пионерский, Парковый переулок, 39к3",2550000,79439,32.1
"Свердловская область, Екатеринбург, р-н Кировский, мкр. ЖБИ, улица Сыромолотова, 28",2650000,94643,28.0
"Свердловская область, Екатеринбург, р-н Кировский, мкр. ЖБИ, улица Панельная, 9",2650000,82813,32.0
"Свердловская область, Екатеринбург, р-н Кировский, мкр. Пионерский, улица Блюхера, 67к2",2700000,85987,31.4
"Свердловская область, Екатеринбург, р-н Кировский, мкр. Пионерский, улица Боровая, 24",2779000,84212,33.0
"Свердловская область, Екатеринбург, р-н Кировский, мкр. ЖБИ, улица 40-летия Комсомола, 18А",2910000,57171,50.9
"Свердловская область, Екатеринбург, р-н Кировский, мкр. Втузгородок, м. Площадь 1905 года, улица Гагарина, 20",3500000,87500,40.0
"Свердловская область, Екатеринбург, р-н Кировский, мкр. ЖБИ, м. Ботаническая, улица 40-летия Комсомола, 32Г",2520000,73469,34.3
"Свердловская область, Екатеринбург, р-н Кировский, мкр. ЖБИ, улица 40-летия Комсомола, 32Г",2900000,66820,43.4
"Свердловская область, Екатеринбург, р-н Кировский, мкр. Пионерский, улица Блюхера, 75к2",2800000,80000,35.0
"Свердловская область, Екатеринбург, р-н Кировский, мкр. ЖБИ, улица 40-летия Комсомола, 32Г",2695000,77000,35.0
"Свердловская область, Екатеринбург, р-н Кировский, мкр. Калиновский, Бережная улица, 16",2750000,58511,47.0
"Свердловская область, Екатеринбург, р-н Кировский, мкр. Пионерский, улица Учителей, 7",2990000,67955,44.0
"Свердловская область, Екатеринбург, р-н Кировский, мкр. Пионерский, улица Июльская, 28",2900000,60417,48.0
"Свердловская область, Екатеринбург, р-н Кировский, мкр. Пионерский, Уральская улица, 62к2",2990000,67955,44.0
"Свердловская область, Екатеринбург, р-н Кировский, мкр. ЖБИ, улица Панельная, 17к1",2260000,94167,24.0
"Свердловская область, Екатеринбург, р-н Кировский, мкр. Центр, м. Динамо, улица Мичурина, 47",2790000,93000,30.0
"Свердловская область, Екатеринбург, р-н Кировский, мкр. Калиновский, Бережная улица, 18",2850000,45968,62.0
"Свердловская область, Екатеринбург, р-н Кировский, мкр. Центр, Шарташская улица, 18",2920000,97010,30.1
"Свердловская область, Екатеринбург, р-н Кировский, мкр. Пионерский, улица Вилонова, 82",2200000,60440,36.4
"Свердловская область, Екатеринбург, р-н Кировский, мкр. ЖБИ, улица 40-летия Комсомола, 32Г",2699000,67475,40.0
"Свердловская область, Екатеринбург, р-н Кировский, мкр. ЖБИ, улица 40-летия Комсомола, 32Г",2990000,71190,42.0
"Свердловская область, Екатеринбург, р-н Кировский, мкр. ЖБИ, улица Новгородцевой, 23",4900000,87500,56.0
"Свердловская область, Екатеринбург, р-н Кировский, мкр. Пионерский, улица Красина, 6",1690000,112667,15.0
"Свердловская область, Екатеринбург, р-н Кировский, мкр. Пионерский, Парковый переулок, 41/1",2800000,62780,44.6
"Свердловская область, Екатеринбург, р-н Кировский, мкр. Пионерский, улица Камчатская, 45",2700000,88525,30.5
"Свердловская область, Екатеринбург, р-н Кировский, мкр. ЖБИ, улица 40-летия Комсомола, 32Г",2150000,86000,25.0
"Свердловская область, Екатеринбург, р-н Кировский, мкр. ЖБИ, улица Панельная, 17к2",2300000,86142,26.7
"Свердловская область, Екатеринбург, р-н Кировский, мкр. Пионерский, улица Сулимова, 38",2750000,88710,31.0
"Свердловская область, Екатеринбург, р-н Кировский, мкр. Пионерский, улица Сулимова, 36",2940000,68372,43.0
"Свердловская область, Екатеринбург, р-н Кировский, мкр. ЖБИ, улица 40-летия Комсомола, 32Г",2320000,79181,29.3
"Свердловская область, Екатеринбург, р-н Кировский, мкр. ЖБИ, улица 40-летия Комсомола, 32Г",2500000,68493,36.5
"Свердловская область, Екатеринбург, р-н Кировский, мкр. Пионерский, улица Данилы Зверева, 34",2790000,89137,31.3
"Свердловская область, Екатеринбург, р-н Кировский, мкр. Пионерский, м. Уральская, Уральская улица, 48",2800000,98592,28.4
"Свердловская область, Екатеринбург, р-н Кировский, мкр. Втузгородок, Комсомольская улица, 57А",2550000,67105,38.0
"Свердловская область, Екатеринбург, р-н Кировский, мкр. Пионерский, Уральская улица, 62к2",2730000,99635,27.4
"Свердловская область, Екатеринбург, р-н Кировский, мкр. Втузгородок, м. Площадь 1905 года, улица Гагарина, 49",4000000,89686,44.6
"Свердловская область, Екатеринбург, р-н Кировский, мкр. Пионерский, м. Динамо, улица Блюхера, 45",6990000,91974,76.0
"Свердловская область, Екатеринбург, р-н Кировский, мкр. Втузгородок, переулок Курьинский, 10",2630000,84839,31.0
"Свердловская область, Екатеринбург, р-н Кировский, мкр. ЖБИ, улица 40-летия Комсомола, 3Б",2600000,92857,28.0
"Свердловская область, Екатеринбург, р-н Кировский, мкр. Пионерский, улица Июльская, 16",1600000,94118,17.0
"Свердловская область, Екатеринбург, р-н Кировский, мкр. ЖБИ, улица 40-летия Комсомола, 32Г",2140000,82308,26.0
"Свердловская область, Екатеринбург, р-н Кировский, мкр. Пионерский, м. Динамо, улица Данилы Зверева, 6",3150000,71591,44.0
"Свердловская область, Екатеринбург, р-н Кировский, мкр. Втузгородок, улица Мира, 36",5650000,66471,85.0
"Свердловская область, Екатеринбург, р-н Кировский, мкр. ЖБИ, улица 40-летия Комсомола, 32Г",2290000,95417,24.0
"Свердловская область, Екатеринбург, р-н Кировский, мкр. ЖБИ, улица 40-летия Комсомола, 32Г",2300000,78498,29.3
"Свердловская область, Екатеринбург, р-н Кировский, мкр. ЖБИ, улица 40-летия Комсомола, 32Г",2500000,86207,29.0
"Свердловская область, Екатеринбург, р-н Кировский, мкр. ЖБИ, улица 40-летия Комсомола, 24",2790000,108140,25.8
"Свердловская область, Екатеринбург, р-н Кировский, мкр. Пионерский, улица Блюхера, 59Б",2800000,64073,43.7
"Свердловская область, Екатеринбург, р-н Кировский, мкр. Пионерский, улица Маяковского, 29",2850000,64773,44.0
"Свердловская область, Екатеринбург, р-н Кировский, мкр. ЖБИ, улица 40-летия Комсомола, 3Б",2199999,77193,28.5
"Свердловская область, Екатеринбург, р-н Кировский, мкр. ЖБИ, улица 40-летия Комсомола, 32Г",2280000,78621,29.0
"Свердловская область, Екатеринбург, р-н Кировский, мкр. Пионерский, улица Пионеров, 9к1",2590000,95221,27.2
"Свердловская область, Екатеринбург, р-н Кировский, мкр. Пионерский, м. Уральская, улица Июльская, 39к1",2850000,87963,32.4
"Свердловская область, Екатеринбург, р-н Кировский, мкр. ЖБИ, улица 40-летия Комсомола, 32Г",2300000,76667,30.0
"Свердловская область, Екатеринбург, р-н Кировский, мкр. Пионерский, м. Уральская, улица Железнодорожников, 1",2385000,85179,28.0
"Свердловская область, Екатеринбург, р-н Кировский, мкр. ЖБИ, улица 40-летия Комсомола, 32Г",2520000,73469,34.3
"Свердловская область, Екатеринбург, р-н Кировский, мкр. Пионерский, улица Блюхера, 67к2",2560000,85906,29.8
"Свердловская область, Екатеринбург, р-н Кировский, мкр. Пионерский, м. Динамо, улица Сулимова, 6",3900000,105405,37.0
"Свердловская область, Екатеринбург, р-н Кировский, мкр. ЖБИ, улица 40-летия Комсомола, 32к2",2190000,91250,24.0
"Свердловская область, Екатеринбург, р-н Кировский, мкр. Втузгородок, улица Малышева, 107к2",3500000,80460,43.5
"Свердловская область, Екатеринбург, р-н Кировский, мкр. Пионерский, Уральская улица, 50",3590000,83683,42.9
"Свердловская область, Екатеринбург, р-н Кировский, мкр. ЖБИ, улица Владимира Высоцкого, 10",3750000,89286,42.0
"Свердловская область, Екатеринбург, р-н Кировский, мкр. ЖБИ, улица Владимира Высоцкого, 10",3990000,95000,42.0
"Свердловская область, Екатеринбург, р-н Кировский, мкр. Пионерский, улица Менделеева, 17",4100000,70690,58.0
"Свердловская область, Екатеринбург, р-н Кировский, мкр. ЖБИ, улица Рассветная, 8к1",4190000,100964,41.5
"Свердловская область, Екатеринбург, р-н Кировский, мкр. Втузгородок, Комсомольская улица, 31А",4250000,69672,61.0
"Свердловская область, Екатеринбург, р-н Кировский, мкр. Пионерский, улица Вилонова, 18",4990000,108243,46.1
"Свердловская область, Екатеринбург, р-н Кировский, мкр. Втузгородок, проспект Ленина, 99",5600000,93333,60.0
"Свердловская область, Екатеринбург, р-н Кировский, мкр. Пионерский, улица Блюхера, 97",5900000,100000,59.0
"Свердловская область, Екатеринбург, р-н Кировский, мкр. Пионерский, м. Динамо, переулок Асбестовский, 2А",6290000,93881,67.0
"Свердловская область, Екатеринбург, р-н Кировский, мкр. Втузгородок, Комсомольская улица, 67",6406525,92580,69.2
"Свердловская область, Екатеринбург, р-н Кировский, мкр. Втузгородок, Комсомольская улица, 76",6550000,87802,74.6
"Свердловская область, Екатеринбург, р-н Кировский, мкр. Пионерский, улица Красина, 3А",6620000,84872,78.0
"Свердловская область, Екатеринбург, р-н Кировский, мкр. Пионерский, м. Динамо, Уральская улица, 77",8000000,108108,74.0
"Свердловская область, Екатеринбург, р-н Кировский, мкр. Втузгородок, улица Педагогическая, 28",8825000,92895,95.0
"Свердловская область, Екатеринбург, р-н Кировский, мкр. Центр, м. Динамо, улица Шевченко, 18",19800000,135431,146.2
"Свердловская область, Екатеринбург, р-н Кировский, мкр. Центр, Шарташская улица, 21",1760000,97778,18.0
"Свердловская область, Екатеринбург, р-н Кировский, мкр. Шарташ, Светлый переулок, 9",1780000,93194,19.1
"Свердловская область, Екатеринбург, р-н Кировский, мкр. ЖБИ, улица Панельная, 17к2",2150000,93478,23.0
"Свердловская область, Екатеринбург, р-н Кировский, мкр. ЖБИ, улица 40-летия Комсомола, 32Г",2299000,104027,22.1
"Свердловская область, Екатеринбург, р-н Кировский, мкр. ЖБИ, улица 40-летия Комсомола, 32Г",2280000,78621,29.0
"Свердловская область, Екатеринбург, р-н Кировский, мкр. ЖБИ, улица Панельная, 17к2",2270000,98696,23.0
"Свердловская область, Екатеринбург, р-н Кировский, мкр. Втузгородок, улица Комвузовская, 21",2300000,65714,35.0
"Свердловская область, Екатеринбург, р-н Кировский, мкр. Изоплит, Изоплитная улица, 23В",2400000,78689,30.5
"Свердловская область, Екатеринбург, р-н Кировский, мкр. Пионерский, улица Раевского, 14",2450000,77778,31.5
"Свердловская область, Екатеринбург, р-н Кировский, мкр. ЖБИ, улица 40-летия Комсомола, 32к2",2590000,107917,24.0
"Свердловская область, Екатеринбург, р-н Кировский, мкр. ЖБИ, улица 40-летия Комсомола, 3",2600000,92857,28.0
"Свердловская область, Екатеринбург, р-н Кировский, мкр. Пионерский, Уральская улица, 62к2",2650000,98148,27.0
"Свердловская область, Екатеринбург, р-н Кировский, мкр. Пионерский, Уральская улица, 62к2",2730000,99635,27.4
"Свердловская область, Екатеринбург, р-н Кировский, мкр. Втузгородок, Комсомольская улица, 14",2800000,90615,30.9
"Свердловская область, Екатеринбург, р-н Кировский, мкр. Пионерский, улица Данилы Зверева, 7",2800000,84848,33.0
"Свердловская область, Екатеринбург, р-н Кировский, мкр. Калиновский, Бережная улица, 16",2850000,59748,47.7
"Свердловская область, Екатеринбург, р-н Кировский, мкр. Центр, Шарташская улица, 18",2920000,95425,30.6
"Свердловская область, Екатеринбург, р-н Кировский, мкр. Втузгородок, улица Академическая, 4",2950000,71951,41.0
"Свердловская область, Екатеринбург, р-н Кировский, мкр. Втузгородок, улица Студенческая, 37",2650000,86319,30.7
"Свердловская область, Екатеринбург, р-н Кировский, мкр. Пионерский, м. Уральская, Кондукторская улица, 6",2900000,65169,44.5
"Свердловская область, Екатеринбург, р-н Кировский, мкр. ЖБИ, улица Владимира Высоцкого, 6",3890000,81042,48.0
"Свердловская область, Екатеринбург, р-н Кировский, мкр. Изоплит, Юго-Восточный Район Изоплит тер.",1780000,74167,24.0
"Свердловская область, Екатеринбург, р-н Кировский, мкр. Шарташ, улица Искровцев, 19А",1990000,52368,38.0
"Свердловская область, Екатеринбург, р-н Кировский, мкр. Втузгородок, улица Академическая, 23А",4670000,83993,55.6
"Свердловская область, Екатеринбург, р-н Кировский, мкр. Пионерский, м. Уральская, Уральская улица",4490000,112250,40.0
"Свердловская область, Екатеринбург, р-н Кировский, мкр. Пионерский, м. Машиностроителей, улица Данилы Зверева",4519680,108386,41.7
"Свердловская область, Екатеринбург, р-н Кировский, мкр. Втузгородок, м. Геологическая, улица Педагогическая, 28",11730000,91928,127.6
"Свердловская область, Екатеринбург, р-н Кировский, мкр. Пионерский, м. Уральская, улица Данилы Зверева, 7В",2530000,110000,23.0
"Свердловская область, Екатеринбург, р-н Кировский, мкр. ЖБИ, улица Рассветная, 8к4",2520000,101613,24.8
"Свердловская область, Екатеринбург, р-н Кировский, мкр. ЖБИ, улица 40-летия Комсомола, 2Д",2590000,107917,24.0
"Свердловская область, Екатеринбург, р-н Кировский, мкр. Втузгородок, м. Машиностроителей, улица Блюхера",2728000,151556,18.0
"Свердловская область, Екатеринбург, р-н Кировский, мкр. Втузгородок, м. Машиностроителей, Современник ЖК",2728000,152232,17.92
"Свердловская область, Екатеринбург, р-н Кировский, мкр. ЖБИ, улица 40-летия Комсомола, 24",2760000,106977,25.8
"Свердловская область, Екатеринбург, р-н Кировский, мкр. Пионерский, м. Уральская, Уральская улица, 5",2808000,141818,19.8
"Свердловская область, Екатеринбург, р-н Кировский, мкр. Втузгородок, улица Малышева, 111Б",4100000,91111,45.0
"Свердловская область, Екатеринбург, р-н Кировский, мкр. Пионерский, улица Менделеева, 6",4290000,80943,53.0
"Свердловская область, Екатеринбург, р-н Кировский, мкр. Пионерский",6500000,95168,68.3
"Свердловская область, Екатеринбург, р-н Кировский, мкр. Пионерский, Уральская улица, 1",7120000,80000,89.0
"Свердловская область, Екатеринбург, р-н Кировский, мкр. Втузгородок, Комсомольская улица, 67",7446000,101347,73.47
"Свердловская область, Екатеринбург, р-н Кировский, мкр. Пионерский, улица Июльская, 19",7400000,67642,109.4
"Свердловская область, Екатеринбург, р-н Кировский, мкр. Втузгородок, улица Педагогическая, 28",7700000,82441,93.4
"Свердловская область, Екатеринбург, р-н Кировский, мкр. Втузгородок, Комсомольская улица, 67",7781325,95829,81.2
"Свердловская область, Екатеринбург, р-н Кировский, мкр. Пионерский, улица Смазчиков, 3",9800000,90741,108.0
"Свердловская область, Екатеринбург, р-н Кировский, мкр. Центр, м. Динамо, улица Мамина-Сибиряка, 52",18900000,76210,248.0
"Свердловская область, Екатеринбург, р-н Кировский, мкр. Изоплит, Изоплитная улица, 18",1599999,27972,57.2
"Свердловская область, Екатеринбург, р-н Кировский, мкр. ЖБИ, улица Панельная, 9А",1590000,125197,12.7
"Свердловская область, Екатеринбург, р-н Кировский, мкр. Шарташ, Светлый переулок, 6",2003400,89839,22.3
"Свердловская область, Екатеринбург, р-н Кировский, мкр. Втузгородок, улица Студенческая, 1К",2001600,104796,19.1
"Свердловская область, Екатеринбург, р-н Кировский, мкр. Пионерский, м. Уральская, улица Железнодорожников, 1",2270000,81071,28.0
"Свердловская область, Екатеринбург, р-н Кировский, мкр. ЖБИ, улица 40-летия Комсомола, 32Г",2320000,85926,27.0
"Свердловская область, Екатеринбург, р-н Кировский, мкр. ЖБИ, улица 40-летия Комсомола, 32Г",2380000,81229,29.3
"Свердловская область, Екатеринбург, р-н Кировский, мкр. Пионерский, м. Уральская, улица Железнодорожников, 1",2385000,85179,28.0
"Свердловская область, Екатеринбург, р-н Кировский, мкр. Шарташ, Светлый переулок, 9",2594000,85049,30.5
"Свердловская область, Екатеринбург, р-н Кировский, мкр. Пионерский, улица Пионеров, 9к1",2590000,95221,27.2
"Свердловская область, Екатеринбург, р-н Кировский, мкр. ЖБИ, улица Сыромолотова, 13",3100000,93939,33.0
"Свердловская область, Екатеринбург, р-н Кировский, мкр. Втузгородок, улица Малышева, 115",3100000,96875,32.0
"Свердловская область, Екатеринбург, р-н Кировский, мкр. ЖБИ, улица Сыромолотова, 9",3100000,91716,33.8
"Свердловская область, Екатеринбург, р-н Кировский, мкр. Втузгородок, улица Академическая, 10",3120000,72558,43.0
"Свердловская область, Екатеринбург, р-н Кировский, мкр. Пионерский, улица Камчатская, 43",3100000,72093,43.0
"Свердловская область, Екатеринбург, р-н Кировский, мкр. Центр, Восточная улица, 38",3100000,71759,43.2
"Свердловская область, Екатеринбург, р-н Кировский, мкр. Втузгородок, Первомайская улица, 96",3100000,73634,42.1
"Свердловская область, Екатеринбург, р-н Кировский, мкр. ЖБИ, улица Сыромолотова, 13",3100000,93939,33.0
"Свердловская область, Екатеринбург, р-н Кировский, мкр. Втузгородок, м. Машиностроителей, Современник ЖК",3100000,108014,28.7
"Свердловская область, Екатеринбург, р-н Кировский, мкр. ЖБИ, бульвар Сиреневый, 11",3100000,86111,36.0
"Свердловская область, Екатеринбург, р-н Кировский, мкр. Пионерский, улица Сулимова, 43",3100000,110320,28.1
"Свердловская область, Екатеринбург, р-н Кировский, мкр. ЖБИ, улица Сыромолотова, 11Б",3100000,87079,35.6
"Свердловская область, Екатеринбург, р-н Кировский, мкр. ЖБИ, улица 40-летия Комсомола, 32Г",3100000,42996,72.1
"Свердловская область, Екатеринбург, р-н Кировский, мкр. Пионерский, Уральская улица, 74",3120000,92308,33.8
"Свердловская область, Екатеринбург, р-н Кировский, мкр. Пионерский, Уральская улица, 4",3100000,122530,25.3
"Свердловская область, Екатеринбург, р-н Кировский, мкр. Центр, м. Площадь 1905 года, улица Толмачева, 25",3110000,106873,29.1
"Свердловская область, Екатеринбург, р-н Кировский, мкр. Втузгородок, улица Малышева, 109",3100000,68889,45.0
"Свердловская область, Екатеринбург, р-н Кировский, мкр. ЖБИ, бульвар Сиреневый, 5",3100000,71594,43.3
"Свердловская область, Екатеринбург, р-н Кировский, мкр. Калиновский, Бережная улица, 16",3100000,51667,60.0
"Свердловская область, Екатеринбург, р-н Кировский, мкр. Пионерский, улица Данилы Зверева, 6",3150000,71591,44.0
"Свердловская область, Екатеринбург, р-н Кировский, мкр. ЖБИ, улица 40-летия Комсомола, 32Г",3150000,78750,40.0
"Свердловская область, Екатеринбург, р-н Кировский, мкр. Втузгородок, Первомайская улица, 108",3150000,98438,32.0
"Свердловская область, Екатеринбург, р-н Кировский, мкр. Втузгородок, улица Малышева, 154",3150000,65625,48.0
"Свердловская область, Екатеринбург, р-н Кировский, мкр. Пионерский, улица Данилы Зверева, 6",3180000,72273,44.0
"Свердловская область, Екатеринбург, р-н Кировский, мкр. Втузгородок, улица Педагогическая, 21",3170000,105667,30.0
"Свердловская область, Екатеринбург, р-н Кировский, мкр. Втузгородок, м. Динамо, улица Студенческая, 37",3199000,76348,41.9
"Свердловская область, Екатеринбург, р-н Кировский, мкр. Пионерский, улица Красина, 7",3150000,115385,27.3
"Свердловская область, Екатеринбург, р-н Кировский, мкр. Пионерский, улица Красина, 6",3150000,84225,37.4
"Свердловская область, Екатеринбург, р-н Кировский, мкр. Втузгородок, улица Комвузовская, 11",3150000,73256,43.0
"Свердловская область, Екатеринбург, р-н Кировский, мкр. Шарташ, Проезжая улица, 167",3150000,54404,57.9
"Свердловская область, Екатеринбург, р-н Кировский, мкр. Пионерский, улица Данилы Зверева, 6",3170000,72045,44.0
"Свердловская область, Екатеринбург, р-н Кировский, мкр. Пионерский, м. Уральская, Парковый переулок, 39к4",3150000,85366,36.9
"Свердловская область, Екатеринбург, р-н Кировский, мкр. Втузгородок, улица Педагогическая, 20",3150000,71591,44.0
"Свердловская область, Екатеринбург, р-н Кировский, мкр. ЖБИ, улица Сыромолотова, 18к1",3199000,92725,34.5
"Свердловская область, Екатеринбург, р-н Кировский, мкр. Пионерский, м. Уральская, улица Данилы Зверева, 6",3170000,72045,44.0
"Свердловская область, Екатеринбург, р-н Кировский, мкр. Пионерский, Советская улица, 9",3170000,70444,45.0
"Свердловская область, Екатеринбург, р-н Кировский, мкр. ЖБИ, улица 40-летия Комсомола, 10",3199000,78024,41.0
"Свердловская область, Екатеринбург, р-н Кировский, мкр. Втузгородок, улица Педагогическая, 20",3150000,71591,44.0
"Свердловская область, Екатеринбург, р-н Кировский, мкр. Шарташ, Проезжая улица, 167",3150000,54404,57.9
"Свердловская область, Екатеринбург, р-н Кировский, мкр. ЖБИ, улица 40-летия Комсомола, 32Г",3150000,83333,37.8
"Свердловская область, Екатеринбург, р-н Кировский, мкр. Втузгородок, улица Комвузовская, 11",3150000,73256,43.0
"Свердловская область, Екатеринбург, р-н Кировский, мкр. Втузгородок, м. Машиностроителей, Современник ЖК",3156800,109232,28.9
"Свердловская область, Екатеринбург, р-н Кировский, мкр. Втузгородок, улица Педагогическая, 21",3170000,105667,30.0
"Свердловская область, Екатеринбург, р-н Кировский, мкр. Пионерский, Советская улица, 8",3190000,84169,37.9
"Свердловская область, Екатеринбург, р-н Кировский, мкр. Пионерский, переулок Асбестовский, 7",3150000,100639,31.3
"Свердловская область, Екатеринбург, р-н Кировский, мкр. Пионерский, Парковый переулок, 39к4",3150000,85366,36.9
"Свердловская область, Екатеринбург, р-н Кировский, мкр. Втузгородок, улица Студенческая, 80",3190000,106333,30.0
"Свердловская область, Екатеринбург, р-н Кировский, мкр. Втузгородок, улица Студенческая, 37",3199000,76348,41.9
"Свердловская область, Екатеринбург, р-н Кировский, мкр. Втузгородок, улица Малышева, 115",3190000,99688,32.0
"Свердловская область, Екатеринбург, р-н Кировский, мкр. Пионерский, Советская улица, 8",3150000,73427,42.9
"Свердловская область, Екатеринбург, р-н Кировский, мкр. ЖБИ, улица Сыромолотова, 18к1",3199000,92725,34.5
"Свердловская область, Екатеринбург, р-н Кировский, мкр. Втузгородок, улица Мира, 1В",3199000,76167,42.0
"Свердловская область, Екатеринбург, р-н Кировский, мкр. Пионерский, улица Данилы Зверева, 9",3170000,72706,43.6
"Свердловская область, Екатеринбург, р-н Кировский, мкр. Пионерский, улица Данилы Зверева, 6",3170000,72045,44.0
"Свердловская область, Екатеринбург, р-н Кировский, мкр. ЖБИ, улица 40-летия Комсомола, 32Г",3150000,78750,40.0
"Свердловская область, Екатеринбург, р-н Кировский, мкр. Центр, улица Мамина-Сибиряка, 97",3200000,94955,33.7
