address,main_price,price_per_m2,area
"Свердловская область, Екатеринбург, р-н Орджоникидзевский, мкр. Уралмаш, м. Уралмаш, Верхний переулок",3787290,83000,45.63
"Свердловская область, Екатеринбург, р-н Орджоникидзевский, мкр. Эльмаш, м. Проспект Космонавтов, улица Войкова, 17",5690000,133568,42.6
"Свердловская область, Екатеринбург, р-н Орджоникидзевский, мкр. Эльмаш, м. Проспект Космонавтов, переулок Механический, 15",16590000,104013,159.5
"Свердловская область, Екатеринбург, р-н Орджоникидзевский, мкр. Эльмаш, м. Проспект Космонавтов, улица Войкова, 17",7500000,105042,71.4
"Свердловская область, Екатеринбург, р-н Орджоникидзевский, мкр. Эльмаш, м. Проспект Космонавтов, улица Войкова, 17",7940000,100000,79.4
"Свердловская область, Екатеринбург, р-н Орджоникидзевский, мкр. Эльмаш, м. Уралмаш, улица Бабушкина, 30А",3090000,74818,41.3
"Свердловская область, Екатеринбург, р-н Орджоникидзевский, мкр. Уралмаш, м. Проспект Космонавтов, проспект Космонавтов, 89",3490000,56290,62.0
"Свердловская область, Екатеринбург, р-н Орджоникидзевский, мкр. Уралмаш, м. Уралмаш, улица Красных Борцов",6150000,87271,70.47
"Свердловская область, Екатеринбург, р-н Орджоникидзевский, мкр. Уралмаш, м. Уралмаш, улица Красных Борцов",4900000,114781,42.69
"Свердловская область, Екатеринбург, р-н Орджоникидзевский, мкр. Уралмаш, м. Уралмаш, улица Красных Борцов",7100000,98012,72.44
"Свердловская область, Екатеринбург, р-н Орджоникидзевский, мкр. Эльмаш, проспект Космонавтов, 56",1650000,91667,18.0
"Свердловская область, Екатеринбург, р-н Орджоникидзевский, мкр. Эльмаш, улица Шефская, 108",4150000,104798,39.6
"Свердловская область, Екатеринбург, р-н Орджоникидзевский, мкр. Уралмаш, улица Избирателей, 15",2999000,68159,44.0
"Свердловская область, Екатеринбург, р-н Орджоникидзевский, мкр. Уралмаш, улица 40-летия Октября, 60",2700000,79412,34.0
"Свердловская область, Екатеринбург, р-н Орджоникидзевский, мкр. Уралмаш, улица Бакинских Комиссаров, 173",3500000,79365,44.1
"Свердловская область, Екатеринбург, р-н Орджоникидзевский, мкр. Уралмаш, м. Проспект Космонавтов, проспект Космонавтов, 61",2330000,76645,30.4
"Свердловская область, Екатеринбург, р-н Орджоникидзевский, мкр. Эльмаш, переулок Черноморский, 4",3200000,74419,43.0
"Свердловская область, Екатеринбург, р-н Орджоникидзевский, мкр. Уралмаш, Донбасская улица, 4",2700000,76487,35.3
"Свердловская область, Екатеринбург, р-н Орджоникидзевский, мкр. Уралмаш, проспект Космонавтов, 51А",3250000,72222,45.0
"Свердловская область, Екатеринбург, р-н Орджоникидзевский, мкр. Эльмаш, м. Проспект Космонавтов, улица Войкова",22290000,97294,229.1
"Свердловская область, Екатеринбург, р-н Орджоникидзевский, мкр. Уралмаш, м. Уралмаш, Верхний переулок",2682680,91000,29.48
"Свердловская область, Екатеринбург, р-н Орджоникидзевский, мкр. Эльмаш, улица Шефская, 60",5940000,69882,85.0
"Свердловская область, Екатеринбург, р-н Орджоникидзевский, мкр. Уралмаш, м. Проспект Космонавтов, улица Народного Фронта",3300000,81001,40.74
"Свердловская область, Екатеринбург, р-н Орджоникидзевский, мкр. Уралмаш, бульвар Культуры, 15",6499000,70335,92.4
"Свердловская область, Екатеринбург, р-н Орджоникидзевский, мкр. Уралмаш, м. Уралмаш, улица Красных Борцов",6750000,93854,71.92
"Свердловская область, Екатеринбург, р-н Орджоникидзевский, мкр. Уралмаш, м. Уралмаш, Северное сияние ЖК",9200000,73354,125.42
"Свердловская область, Екатеринбург, р-н Орджоникидзевский, мкр. Эльмаш, м. Проспект Космонавтов, улица Войкова",13990000,109297,128.0
"Свердловская область, Екатеринбург, р-н Орджоникидзевский, мкр. Уралмаш, м. Уралмаш, Северное сияние ЖК",3700000,115301,32.09
"Свердловская область, Екатеринбург, р-н Орджоникидзевский, мкр. Уралмаш, м. Уралмаш, Верхний переулок",3787290,83000,45.63
"Свердловская область, Екатеринбург, р-н Орджоникидзевский, мкр. Уралмаш, м. Проспект Космонавтов, улица Калинина",4316500,89000,48.5
"Свердловская область, Екатеринбург, р-н Орджоникидзевский, мкр. Уралмаш, м. Проспект Космонавтов",3865660,97618,39.6
"Свердловская область, Екатеринбург, р-н Орджоникидзевский, мкр. Уралмаш, м. Проспект Космонавтов, улица Калинина",4179600,86000,48.6
"Свердловская область, Екатеринбург, р-н Орджоникидзевский, мкр. Уралмаш, м. Проспект Космонавтов, улица Народного Фронта",5100000,85873,59.39
"Свердловская область, Екатеринбург, р-н Орджоникидзевский, мкр. Уралмаш, м. Проспект Космонавтов, улица Калинина",6130800,78000,78.6
"Свердловская область, Екатеринбург, р-н Орджоникидзевский, мкр. Уралмаш, м. Уралмаш, Верхний переулок",6207860,74000,83.89
"Свердловская область, Екатеринбург, р-н Орджоникидзевский, мкр. Уралмаш, м. Проспект Космонавтов, улица Калинина",6507200,83000,78.4
"Свердловская область, Екатеринбург, р-н Орджоникидзевский, мкр. Эльмаш, м. Машиностроителей, проспект Космонавтов, 32",7200000,96904,74.3
"Свердловская область, Екатеринбург, р-н Орджоникидзевский, мкр. Эльмаш, улица Войкова, 25",3050000,83106,36.7
"Свердловская область, Екатеринбург, р-н Орджоникидзевский, мкр. Эльмаш, улица Лобкова, 50",2990000,73464,40.7
"Свердловская область, Екатеринбург, р-н Орджоникидзевский, мкр. Уралмаш, улица Ильича, 45",3100000,92814,33.4
"Свердловская область, Екатеринбург, р-н Орджоникидзевский, мкр. Уралмаш, улица Уральских Рабочих, 8",3490000,102346,34.1
"Свердловская область, Екатеринбург, р-н Орджоникидзевский, мкр. Эльмаш, улица Стачек, 4",4800000,56872,84.4
"Свердловская область, Екатеринбург, р-н Орджоникидзевский, мкр. Эльмаш, улица Ползунова, 34Б",1950000,55714,35.0
"Свердловская область, Екатеринбург, р-н Орджоникидзевский, мкр. Уралмаш, улица Калинина, 58",3300000,61798,53.4
"Свердловская область, Екатеринбург, р-н Орджоникидзевский, мкр. Уралмаш, м. Машиностроителей, улица Машиностроителей, 63",2500000,83333,30.0
"Свердловская область, Екатеринбург, р-н Орджоникидзевский, мкр. Эльмаш, улица Баумана, 12",2150000,91489,23.5
"Свердловская область, Екатеринбург, р-н Орджоникидзевский, мкр. Эльмаш, м. Уралмаш, улица Электриков, 29",4150000,103491,40.1
"Свердловская область, Екатеринбург, р-н Орджоникидзевский, мкр. Эльмаш, м. Проспект Космонавтов, улица Парниковая, 6",2950000,109259,27.0
"Свердловская область, Екатеринбург, р-н Орджоникидзевский, мкр. Эльмаш, м. Проспект Космонавтов, улица Войкова, 17",7850000,99746,78.7
"Свердловская область, Екатеринбург, р-н Орджоникидзевский, мкр. Уралмаш, м. Уралмаш, улица Красных Борцов",6400000,88975,71.93
"Свердловская область, Екатеринбург, р-н Орджоникидзевский, мкр. Эльмаш, переулок Механический, 15А",7400000,108824,68.0
"Свердловская область, Екатеринбург, р-н Орджоникидзевский, мкр. Уралмаш, м. Уралмаш, Северное сияние ЖК",9350000,74550,125.42
"Свердловская область, Екатеринбург, р-н Орджоникидзевский, мкр. Эльмаш, улица Старых Большевиков, 52",3270000,77857,42.0
"Свердловская область, Екатеринбург, р-н Орджоникидзевский, мкр. Уралмаш, улица Кузнецова, 21",9900000,73333,135.0
"Свердловская область, Екатеринбург, р-н Орджоникидзевский, мкр. Эльмаш, улица Совхозная, 4",3750000,106534,35.2
"Свердловская область, Екатеринбург, р-н Орджоникидзевский, мкр. Уралмаш, Республиканская улица, 5",2950000,91615,32.2
"Свердловская область, Екатеринбург, р-н Орджоникидзевский, мкр. Уралмаш, м. Проспект Космонавтов, улица Народного Фронта",2300000,117048,19.65
"Свердловская область, Екатеринбург, р-н Орджоникидзевский, мкр. Уралмаш, м. Проспект Космонавтов, улица Калинина",4316500,89000,48.5
"Свердловская область, Екатеринбург, р-н Орджоникидзевский, мкр. Уралмаш, м. Проспект Космонавтов",3139500,108259,29.0
"Свердловская область, Екатеринбург, р-н Орджоникидзевский, мкр. Уралмаш, м. Уралмаш, улица Красных Борцов",7800000,89337,87.31
"Свердловская область, Екатеринбург, р-н Орджоникидзевский, мкр. Эльмаш, м. Проспект Космонавтов, улица Войкова, 17",5990000,126105,47.5
"Свердловская область, Екатеринбург, р-н Орджоникидзевский, мкр. Эльмаш, м. Проспект Космонавтов, улица Парниковая, 2",7680000,88479,86.8
"Свердловская область, Екатеринбург, р-н Орджоникидзевский, мкр. Эльмаш, м. Проспект Космонавтов, переулок Механический, 15",12090000,108430,111.5
"Свердловская область, Екатеринбург, р-н Орджоникидзевский, мкр. Уралмаш, м. Уралмаш, Кировградская улица",6400000,97994,65.31
"Свердловская область, Екатеринбург, р-н Орджоникидзевский, мкр. Уралмаш, м. Проспект Космонавтов, улица Народного Фронта",4750000,75039,63.3
"Свердловская область, Екатеринбург, р-н Орджоникидзевский, мкр. Уралмаш, м. Проспект Космонавтов",3903029,88907,43.9
"Свердловская область, Екатеринбург, р-н Орджоникидзевский, мкр. Уралмаш, м. Проспект Космонавтов, улица Народного Фронта",2150000,106541,20.18
"Свердловская область, Екатеринбург, р-н Орджоникидзевский, мкр. Уралмаш, м. Уралмаш, Верхний переулок",2344320,96000,24.42
"Свердловская область, Екатеринбург, р-н Орджоникидзевский, мкр. Уралмаш, м. Проспект Космонавтов, Стахановская улица, 51А",2750000,85938,32.0
"Свердловская область, Екатеринбург, р-н Орджоникидзевский, мкр. Уралмаш, м. Проспект Космонавтов",3139500,108259,29.0
"Свердловская область, Екатеринбург, р-н Орджоникидзевский, мкр. Уралмаш, м. Проспект Космонавтов, улица Народного Фронта",3300000,84119,39.23
"Свердловская область, Екатеринбург, р-н Орджоникидзевский, мкр. Уралмаш, м. Проспект Космонавтов",3594484,98479,36.5
"Свердловская область, Екатеринбург, р-н Орджоникидзевский, мкр. Уралмаш, м. Проспект Космонавтов, улица Калинина",3790400,92000,41.2
"Свердловская область, Екатеринбург, р-н Орджоникидзевский, мкр. Уралмаш, проспект Космонавтов, 81",4900000,86879,56.4
"Свердловская область, Екатеринбург, р-н Орджоникидзевский, мкр. Уралмаш, м. Проспект Космонавтов, улица Калинина",5917900,83000,71.3
"Свердловская область, Екатеринбург, р-н Орджоникидзевский, мкр. Уралмаш, м. Проспект Космонавтов, улица Народного Фронта",7650000,75885,100.81
"Свердловская область, Екатеринбург, р-н Орджоникидзевский, мкр. Уралмаш, м. Проспект Космонавтов, Народные Кварталы ЖК",7900000,69122,114.29
"Свердловская область, Екатеринбург, р-н Орджоникидзевский, мкр. Эльмаш, м. Проспект Космонавтов, переулок Механический, 15",8230000,124508,66.1
"Свердловская область, Екатеринбург, р-н Орджоникидзевский, мкр. Эльмаш, м. Проспект Космонавтов, переулок Механический, 15",8590000,135489,63.4
"Свердловская область, Екатеринбург, р-н Орджоникидзевский, мкр. Уралмаш, м. Уралмаш, улица Красных Борцов",11350000,69782,162.65
"Свердловская область, Екатеринбург, р-н Орджоникидзевский, мкр. Эльмаш, м. Проспект Космонавтов, улица Стачек, 62",13000000,81149,160.2
"Свердловская область, Екатеринбург, р-н Орджоникидзевский, мкр. Эльмаш, м. Проспект Космонавтов, улица Войкова, 17",14290000,85929,166.3
"Свердловская область, Екатеринбург, р-н Орджоникидзевский, мкр. Эльмаш, м. Проспект Космонавтов, переулок Механический",18190000,110309,164.9
"Свердловская область, Екатеринбург, р-н Орджоникидзевский, мкр. Эльмаш, м. Проспект Космонавтов, улица Войкова",19870000,97498,203.8
"Свердловская область, Екатеринбург, р-н Орджоникидзевский, мкр. Уралмаш, м. Уралмаш, Верхний переулок",2651310,89000,29.79
"Свердловская область, Екатеринбург, р-н Орджоникидзевский, мкр. Уралмаш, м. Уралмаш, Верхний переулок",2713740,93000,29.18
"Свердловская область, Екатеринбург, р-н Орджоникидзевский, мкр. Уралмаш, м. Проспект Космонавтов",3139500,108259,29.0
"Свердловская область, Екатеринбург, р-н Орджоникидзевский, мкр. Уралмаш, м. Проспект Космонавтов, улица Калинина",8248000,80000,103.1
"Свердловская область, Екатеринбург, р-н Орджоникидзевский, мкр. Уралмаш, м. Проспект Космонавтов",3166800,109200,29.0
"Свердловская область, Екатеринбург, р-н Орджоникидзевский, мкр. Уралмаш, м. Проспект Космонавтов",3166800,109200,29.0
"Свердловская область, Екатеринбург, р-н Орджоникидзевский, мкр. Уралмаш, м. Проспект Космонавтов",3166800,109200,29.0
"Свердловская область, Екатеринбург, р-н Орджоникидзевский, мкр. Уралмаш, м. Уралмаш, Верхний переулок",3428820,86000,39.87
"Свердловская область, Екатеринбург, р-н Орджоникидзевский, мкр. Уралмаш, м. Уралмаш, Донбасская улица, 21",3656720,88114,41.5
"Свердловская область, Екатеринбург, р-н Орджоникидзевский, мкр. Уралмаш, улица Калинина, 59",3650000,113354,32.2
"Свердловская область, Екатеринбург, р-н Орджоникидзевский, мкр. Уралмаш, м. Проспект Космонавтов, улица Народного Фронта",3750000,88905,42.18
"Свердловская область, Екатеринбург, р-н Орджоникидзевский, мкр. Уралмаш, м. Проспект Космонавтов, улица Народного Фронта",4600000,79310,58.0
"Свердловская область, Екатеринбург, р-н Орджоникидзевский, мкр. Уралмаш, м. Проспект Космонавтов, улица Народного Фронта",4600000,81387,56.52
"Свердловская область, Екатеринбург, р-н Орджоникидзевский, мкр. Уралмаш, м. Уралмаш, Верхний переулок",4795560,84000,57.09
"Свердловская область, Екатеринбург, р-н Орджоникидзевский, мкр. Уралмаш, м. Уралмаш, Верхний переулок",4801440,84000,57.16
"Свердловская область, Екатеринбург, р-н Орджоникидзевский, мкр. Уралмаш, м. Уралмаш, Северное сияние ЖК",5100000,106695,47.8
"Свердловская область, Екатеринбург, р-н Орджоникидзевский, мкр. Уралмаш, м. Уралмаш, Верхний переулок",5158890,81000,63.69
"Свердловская область, Екатеринбург, р-н Орджоникидзевский, мкр. Уралмаш, м. Проспект Космонавтов, Народные Кварталы ЖК",5450000,70386,77.43
"Свердловская область, Екатеринбург, р-н Орджоникидзевский, мкр. Уралмаш, м. Проспект Космонавтов, улица Народного Фронта",5500000,70297,78.24
"Свердловская область, Екатеринбург, р-н Орджоникидзевский, мкр. Уралмаш, м. Проспект Космонавтов, улица Калинина",5704000,80000,71.3
"Свердловская область, Екатеринбург, р-н Орджоникидзевский, мкр. Уралмаш, м. Проспект Космонавтов, улица Калинина",5940000,75000,79.2
"Свердловская область, Екатеринбург, р-н Орджоникидзевский, мкр. Уралмаш, м. Уралмаш, Верхний переулок",5926200,70000,84.66
"Свердловская область, Екатеринбург, р-н Орджоникидзевский, мкр. Уралмаш, м. Уралмаш, улица Красных Борцов",6150000,87271,70.47
"Свердловская область, Екатеринбург, р-н Орджоникидзевский, мкр. Уралмаш, м. Уралмаш, Верхний переулок",6159010,73000,84.37
"Свердловская область, Екатеринбург, р-н Орджоникидзевский, мкр. Уралмаш, м. Проспект Космонавтов, улица Калинина",6288000,80000,78.6
"Свердловская область, Екатеринбург, р-н Орджоникидзевский, мкр. Уралмаш, м. Проспект Космонавтов, улица Народного Фронта",6200000,74039,83.74
"Свердловская область, Екатеринбург, р-н Орджоникидзевский, мкр. Уралмаш, м. Уралмаш, улица Красных Борцов",6200000,87981,70.47
"Свердловская область, Екатеринбург, р-н Орджоникидзевский, мкр. Уралмаш, м. Проспект Космонавтов, Народные Кварталы ЖК",7300000,69703,104.73
"Свердловская область, Екатеринбург, р-н Орджоникидзевский, мкр. Уралмаш, м. Проспект Космонавтов, улица Народного Фронта",7350000,72736,101.05
"Свердловская область, Екатеринбург, р-н Орджоникидзевский, мкр. Эльмаш, м. Проспект Космонавтов, улица Войкова, 17",7590000,111947,67.8
"Свердловская область, Екатеринбург, р-н Орджоникидзевский, мкр. Уралмаш, м. Уралмаш, Северное сияние ЖК",8050000,81313,99.0
"Свердловская область, Екатеринбург, р-н Орджоникидзевский, мкр. Уралмаш, м. Проспект Космонавтов, улица Калинина",8248000,80000,103.1
"Свердловская область, Екатеринбург, р-н Орджоникидзевский, мкр. Эльмаш, м. Проспект Космонавтов, улица Лобкова, 36",2900000,63043,46.0
"Свердловская область, Екатеринбург, р-н Орджоникидзевский, мкр. Уралмаш, м. Уралмаш, Кировградская улица",8550000,70145,121.89
"Свердловская область, Екатеринбург, р-н Орджоникидзевский, мкр. Уралмаш, м. Проспект Космонавтов, улица Новаторов, 8к1",4500000,91837,49.0
"Свердловская область, Екатеринбург, р-н Орджоникидзевский, мкр. Уралмаш, м. Проспект Космонавтов, улица Народного Фронта",5125000,68197,75.15
"Свердловская область, Екатеринбург, р-н Орджоникидзевский, мкр. Уралмаш, м. Уралмаш, улица Калинина, 7",6740000,93611,72.0
"Свердловская область, Екатеринбург, р-н Орджоникидзевский, мкр. Уралмаш, м. Уралмаш, Верхний переулок",3787290,83000,45.63
"Свердловская область, Екатеринбург, р-н Орджоникидзевский, мкр. Уралмаш, м. Уралмаш, улица Кузнецова, 7",8950000,89500,100.0
"Свердловская область, Екатеринбург, р-н Орджоникидзевский, мкр. Уралмаш, м. Проспект Космонавтов, улица Калинина, 59",7647942,76395,100.11
"Свердловская область, Екатеринбург, р-н Орджоникидзевский, мкр. Уралмаш, м. Проспект Космонавтов, улица Народного Фронта",4800000,82645,58.08
"Свердловская область, Екатеринбург, р-н Орджоникидзевский, мкр. Уралмаш, м. Уралмаш, Верхний переулок",4981080,78000,63.86
"Свердловская область, Екатеринбург, р-н Орджоникидзевский, мкр. Уралмаш, м. Проспект Космонавтов, улица Калинина, 59",5265302,86586,60.81
"Свердловская область, Екатеринбург, р-н Орджоникидзевский, мкр. Уралмаш, м. Уралмаш, Донбасская улица, 21",6117930,82787,73.9
"Свердловская область, Екатеринбург, р-н Орджоникидзевский, мкр. Уралмаш, м. Проспект Космонавтов, Народные Кварталы ЖК",6750000,71626,94.24
"Свердловская область, Екатеринбург, р-н Орджоникидзевский, мкр. Эльмаш, м. Проспект Космонавтов, переулок Механический, 15",9990000,111123,89.9
"Свердловская область, Екатеринбург, р-н Орджоникидзевский, мкр. Уралмаш, улица Машиностроителей, 77",2400000,75000,32.0
"Свердловская область, Екатеринбург, р-н Орджоникидзевский, мкр. Уралмаш, улица Бакинских Комиссаров, 116",3550000,60169,59.0
"Свердловская область, Екатеринбург, р-н Орджоникидзевский, мкр. Эльмаш, улица Шефская, 31",3400000,76063,44.7
"Свердловская область, Екатеринбург, р-н Орджоникидзевский, мкр. Эльмаш, улица Баумана, 1",5500000,73925,74.4
"Свердловская область, Екатеринбург, р-н Орджоникидзевский, мкр. Эльмаш, улица Лобкова, 38",2850000,73643,38.7
"Свердловская область, Екатеринбург, р-н Орджоникидзевский, мкр. Уралмаш, улица Красных Борцов, 15",2300000,63889,36.0
"Свердловская область, Екатеринбург, р-н Орджоникидзевский, мкр. Уралмаш, м. Проспект Космонавтов, улица Бакинских Комиссаров, 116",3490000,60172,58.0
"Свердловская область, Екатеринбург, р-н Орджоникидзевский, мкр. Эльмаш, проспект Космонавтов, 38",4200000,75676,55.5
"Свердловская область, Екатеринбург, р-н Орджоникидзевский, мкр. Эльмаш, улица Совхозная, 8",6400000,101587,63.0
"Свердловская область, Екатеринбург, р-н Орджоникидзевский, мкр. Уралмаш, проспект Космонавтов, 43",3900000,87248,44.7
"Свердловская область, Екатеринбург, р-н Орджоникидзевский, мкр. Эльмаш, м. Проспект Космонавтов, улица Даниловская, 7",2900000,80780,35.9
"Свердловская область, Екатеринбург, р-н Орджоникидзевский, мкр. Уралмаш, м. Уралмаш, улица Уральских Рабочих, 16",3200000,86486,37.0
"Свердловская область, Екатеринбург, р-н Орджоникидзевский, мкр. Уралмаш, м. Проспект Космонавтов, улица Ильича, 50А",2700000,84375,32.0
"Свердловская область, Екатеринбург, р-н Орджоникидзевский, мкр. Эльмаш, м. Уралмаш, проспект Космонавтов, 38",4100000,70812,57.9
"Свердловская область, Екатеринбург, р-н Орджоникидзевский, мкр. Эльмаш, м. Проспект Космонавтов, улица Лобкова, 36",2900000,63043,46.0
"Свердловская область, Екатеринбург, р-н Орджоникидзевский, мкр. Уралмаш, м. Проспект Космонавтов, улица Народного Фронта",5050000,88179,57.27
"Свердловская область, Екатеринбург, р-н Орджоникидзевский, мкр. Уралмаш, м. Проспект Космонавтов, улица Новаторов, 12",4277000,70000,61.1
"Свердловская область, Екатеринбург, р-н Орджоникидзевский, мкр. Эльмаш, м. Проспект Космонавтов, улица Шефская, 106/2",3250000,92857,35.0
"Свердловская область, Екатеринбург, р-н Орджоникидзевский, мкр. Уралмаш, м. Уралмаш, Северное сияние ЖК",6600000,100197,65.87
"Свердловская область, Екатеринбург, р-н Орджоникидзевский, мкр. Эльмаш, м. Проспект Космонавтов, улица Стачек, 68/1",14620000,91375,160.0
"Свердловская область, Екатеринбург, р-н Орджоникидзевский, мкр. Эльмаш, улица Краснофлотцев, 2Б",2850000,65517,43.5
"Свердловская область, Екатеринбург, р-н Орджоникидзевский, мкр. Эльмаш, м. Проспект Космонавтов, улица Стачек, 62",9290000,114691,81.0
"Свердловская область, Екатеринбург, р-н Орджоникидзевский, мкр. Уралмаш, м. Проспект Космонавтов, Стахановская улица",4905000,90833,54.0
"Свердловская область, Екатеринбург, р-н Орджоникидзевский, мкр. Уралмаш, м. Уралмаш, Кировградская улица, 4",5990000,119800,50.0
"Свердловская область, Екатеринбург, р-н Орджоникидзевский, мкр. Эльмаш, м. Проспект Космонавтов, Малый переулок, 15",5900000,86765,68.0
"Свердловская область, Екатеринбург, р-н Орджоникидзевский, мкр. Уралмаш, м. Проспект Космонавтов, улица Новаторов, 8",4090000,110243,37.1
"Свердловская область, Екатеринбург, р-н Орджоникидзевский, мкр. Уралмаш, м. Проспект Космонавтов, улица Калинина, 59",4533408,91381,49.61
"Свердловская область, Екатеринбург, р-н Орджоникидзевский, мкр. Эльмаш, улица Таганская, 79",5100000,83744,60.9
"Свердловская область, Екатеринбург, р-н Орджоникидзевский, мкр. Уралмаш, Донбасская улица, 35",1500000,84746,17.7
"Свердловская область, Екатеринбург, р-н Орджоникидзевский, мкр. Уралмаш, улица Народного Фронта, 87",2460000,62916,39.1
"Свердловская область, Екатеринбург, р-н Орджоникидзевский, мкр. Эльмаш, улица Баумана, 13",3650000,83333,43.8
"Свердловская область, Екатеринбург, р-н Орджоникидзевский, мкр. Эльмаш, улица Баумана, 42",4500000,73770,61.0
"Свердловская область, Екатеринбург, р-н Орджоникидзевский, мкр. Уралмаш, м. Проспект Космонавтов, Народные Кварталы ЖК",4000000,86151,46.43
"Свердловская область, Екатеринбург, р-н Орджоникидзевский, мкр. Эльмаш, улица Стачек, 59",3970000,80040,49.6
"Свердловская область, Екатеринбург, р-н Орджоникидзевский, мкр. Эльмаш, улица Старых Большевиков, 3В",3450000,98291,35.1
"Свердловская область, Екатеринбург, р-н Орджоникидзевский, мкр. Уралмаш, улица Ильича, 9",1850000,67029,27.6
"Свердловская область, Екатеринбург, р-н Орджоникидзевский, мкр. Эльмаш, проспект Космонавтов, 108Б",5950000,91398,65.1
"Свердловская область, Екатеринбург, р-н Орджоникидзевский, мкр. Уралмаш, м. Проспект Космонавтов, улица Народного Фронта",6650000,77587,85.71
"Свердловская область, Екатеринбург, р-н Орджоникидзевский, мкр. Уралмаш, м. Уралмаш, Донбасская улица, 21",3557330,93614,38.0
"Свердловская область, Екатеринбург, р-н Орджоникидзевский, мкр. Уралмаш, м. Проспект Космонавтов, улица Народного Фронта",3550000,82808,42.87
"Свердловская область, Екатеринбург, р-н Орджоникидзевский, мкр. Уралмаш, м. Уралмаш, Верхний переулок",3630000,88000,41.25
"Свердловская область, Екатеринбург, р-н Орджоникидзевский, мкр. Уралмаш, м. Проспект Космонавтов, улица Народного Фронта",3850000,83082,46.34
"Свердловская область, Екатеринбург, р-н Орджоникидзевский, мкр. Уралмаш, м. Проспект Космонавтов, улица Народного Фронта",5050000,73551,68.66
"Свердловская область, Екатеринбург, р-н Орджоникидзевский, мкр. Уралмаш, м. Проспект Космонавтов, улица Народного Фронта",5050000,88179,57.27
"Свердловская область, Екатеринбург, р-н Орджоникидзевский, мкр. Уралмаш, м. Проспект Космонавтов, улица Калинина, 59",5590808,86251,64.82
"Свердловская область, Екатеринбург, р-н Орджоникидзевский, мкр. Уралмаш, м. Уралмаш, Верхний переулок",5195520,82000,63.36
"Свердловская область, Екатеринбург, р-н Орджоникидзевский, мкр. Уралмаш, м. Проспект Космонавтов, улица Народного Фронта",6225000,75592,82.35
"Свердловская область, Екатеринбург, р-н Орджоникидзевский, мкр. Уралмаш, м. Проспект Космонавтов, улица Народного Фронта",6925000,81991,84.46
"Свердловская область, Екатеринбург, р-н Орджоникидзевский, мкр. Уралмаш, м. Проспект Космонавтов, улица Народного Фронта",7250000,74858,96.85
"Свердловская область, Екатеринбург, р-н Орджоникидзевский, мкр. Уралмаш, м. Проспект Космонавтов, улица Народного Фронта",7450000,70376,105.86
"Свердловская область, Екатеринбург, р-н Орджоникидзевский, мкр. Уралмаш, Донбасская улица, 35",1500000,78947,19.0
"Свердловская область, Екатеринбург, р-н Орджоникидзевский, мкр. Уралмаш, м. Проспект Космонавтов, улица Народного Фронта",7450000,81305,91.63
"Свердловская область, Екатеринбург, р-н Орджоникидзевский, мкр. Уралмаш, м. Проспект Космонавтов, улица Народного Фронта",7725000,78546,98.35
"Свердловская область, Екатеринбург, р-н Орджоникидзевский, мкр. Эльмаш, м. Проспект Космонавтов, переулок Механический, 15",15190000,141830,107.1
"Свердловская область, Екатеринбург, р-н Орджоникидзевский, мкр. Уралмаш, Фестивальная улица, 20",2970000,67347,44.1
"Свердловская область, Екатеринбург, р-н Орджоникидзевский, мкр. Эльмаш, улица Таганская, 53А",5200000,78669,66.1
"Свердловская область, Екатеринбург, р-н Орджоникидзевский, мкр. Уралмаш, м. Уралмаш, улица Красных Борцов",8150000,64920,125.54
"Свердловская область, Екатеринбург, р-н Орджоникидзевский, мкр. Уралмаш, м. Проспект Космонавтов, улица Калинина, 59",5094765,86631,58.81
"Свердловская область, Екатеринбург, р-н Орджоникидзевский, мкр. Уралмаш, м. Проспект Космонавтов, улица Народного Фронта",4675000,85217,54.86
"Свердловская область, Екатеринбург, р-н Орджоникидзевский, мкр. Уралмаш, м. Проспект Космонавтов, улица Народного Фронта",4750000,90339,52.58
"Свердловская область, Екатеринбург, р-н Орджоникидзевский, мкр. Уралмаш, м. Проспект Космонавтов, улица Народного Фронта",4900000,84981,57.66
"Свердловская область, Екатеринбург, р-н Орджоникидзевский, мкр. Уралмаш, м. Проспект Космонавтов, улица Народного Фронта",4950000,72326,68.44
"Свердловская область, Екатеринбург, р-н Орджоникидзевский, мкр. Уралмаш, м. Проспект Космонавтов, улица Народного Фронта",4950000,73497,67.35
"Свердловская область, Екатеринбург, р-н Орджоникидзевский, мкр. Уралмаш, м. Проспект Космонавтов, улица Народного Фронта",5300000,66776,79.37
"Свердловская область, Екатеринбург, р-н Орджоникидзевский, мкр. Уралмаш, м. Проспект Космонавтов, улица Народного Фронта",5700000,74559,76.45
"Свердловская область, Екатеринбург, р-н Орджоникидзевский, мкр. Уралмаш, м. Уралмаш, Верхний переулок",6106320,72000,84.81
"Свердловская область, Екатеринбург, р-н Орджоникидзевский, мкр. Уралмаш, м. Проспект Космонавтов, улица Народного Фронта",6800000,74939,90.74
"Свердловская область, Екатеринбург, р-н Орджоникидзевский, мкр. Уралмаш, м. Проспект Космонавтов, улица Народного Фронта",6900000,63425,108.79
"Свердловская область, Екатеринбург, р-н Орджоникидзевский, мкр. Уралмаш, улица Ломоносова, 9",3050000,72619,42.0
"Свердловская область, Екатеринбург, р-н Орджоникидзевский, мкр. Эльмаш, улица Старых Большевиков, 30",3300000,45833,72.0
"Свердловская область, Екатеринбург, р-н Орджоникидзевский, мкр. Уралмаш, улица Восстания, 97",3750000,77320,48.5
"Свердловская область, Екатеринбург, р-н Орджоникидзевский, мкр. Уралмаш, м. Проспект Космонавтов, улица Калинина, 59",4096224,94536,43.33
"Свердловская область, Екатеринбург, р-н Орджоникидзевский, мкр. Уралмаш, м. Проспект Космонавтов, улица Калинина, 59",5590808,86251,64.82
"Свердловская область, Екатеринбург, р-н Орджоникидзевский, мкр. Уралмаш, м. Проспект Космонавтов, улица Народного Фронта",2200000,105871,20.78
"Свердловская область, Екатеринбург, р-н Орджоникидзевский, мкр. Эльмаш, улица Парниковая, 2",7550000,78810,95.8
"Свердловская область, Екатеринбург, р-н Орджоникидзевский, мкр. Эльмаш, м. Проспект Космонавтов, переулок Механический, 15",9390000,113133,83.0
"Свердловская область, Екатеринбург, р-н Орджоникидзевский, мкр. Уралмаш, улица Индустрии, 57к2",3500000,74310,47.1
"Свердловская область, Екатеринбург, р-н Орджоникидзевский, мкр. Уралмаш, м. Проспект Космонавтов, улица Народного Фронта",2150000,96111,22.37
"Свердловская область, Екатеринбург, р-н Орджоникидзевский, мкр. Уралмаш, м. Проспект Космонавтов, улица Народного Фронта",2900000,85850,33.78
"Свердловская область, Екатеринбург, р-н Орджоникидзевский, мкр. Уралмаш, м. Проспект Космонавтов, улица Калинина",4148000,85000,48.8
"Свердловская область, Екатеринбург, р-н Орджоникидзевский, мкр. Эльмаш, улица Фронтовых Бригад",5080000,90714,56.0
"Свердловская область, Екатеринбург, р-н Орджоникидзевский, мкр. Уралмаш, м. Проспект Космонавтов, улица Калинина, 59",5338686,86766,61.53
"Свердловская область, Екатеринбург, р-н Орджоникидзевский, мкр. Уралмаш, м. Проспект Космонавтов, улица Калинина, 59",5690160,86110,66.08
"Свердловская область, Екатеринбург, р-н Орджоникидзевский, мкр. Уралмаш, м. Проспект Космонавтов, улица Народного Фронта",5900000,68295,86.39
"Свердловская область, Екатеринбург, р-н Орджоникидзевский, мкр. Уралмаш, бульвар Культуры, 4",5900000,67661,87.2
"Свердловская область, Екатеринбург, р-н Орджоникидзевский, мкр. Эльмаш, м. Проспект Космонавтов, улица Фрезеровщиков, 35",6900000,69000,100.0
"Свердловская область, Екатеринбург, р-н Орджоникидзевский, мкр. Уралмаш, м. Проспект Космонавтов, Народные Кварталы ЖК",7000000,66768,104.84
"Свердловская область, Екатеринбург, р-н Орджоникидзевский, мкр. Эльмаш, м. Проспект Космонавтов, улица Войкова, 17",7690000,114948,66.9
"Свердловская область, Екатеринбург, р-н Орджоникидзевский, мкр. Уралмаш, м. Проспект Космонавтов, улица Народного Фронта",9025000,77728,116.11
"Свердловская область, Екатеринбург, р-н Орджоникидзевский, мкр. Эльмаш, м. Проспект Космонавтов, улица Стачек, 62",9330000,113091,82.5
"Свердловская область, Екатеринбург, р-н Орджоникидзевский, мкр. Уралмаш, м. Проспект Космонавтов, Народные Кварталы ЖК",9500000,72030,131.89
"Свердловская область, Екатеринбург, р-н Орджоникидзевский, мкр. Эльмаш, улица Электриков, 3",10990000,76853,143.0
"Свердловская область, Екатеринбург, р-н Орджоникидзевский, мкр. Эльмаш, м. Проспект Космонавтов, улица Войкова",11780000,96795,121.7
"Свердловская область, Екатеринбург, р-н Орджоникидзевский, мкр. Эльмаш, м. Проспект Космонавтов, улица Войкова, 17",12590000,107149,117.5
"Свердловская область, Екатеринбург, р-н Орджоникидзевский, мкр. Эльмаш, м. Проспект Космонавтов, улица Войкова",15380000,100720,152.7
"Свердловская область, Екатеринбург, р-н Орджоникидзевский, мкр. Эльмаш, м. Проспект Космонавтов, улица Стачек, 68/1",15360000,93374,164.5
"Свердловская область, Екатеринбург, р-н Орджоникидзевский, мкр. Эльмаш, м. Проспект Космонавтов, переулок Механический, 15",16890000,102800,164.3
"Свердловская область, Екатеринбург, р-н Орджоникидзевский, мкр. Эльмаш, м. Проспект Космонавтов, переулок Механический",22000000,105263,209.0
"Свердловская область, Екатеринбург, р-н Орджоникидзевский, мкр. Уралмаш, м. Проспект Космонавтов, улица Калинина, 59",5193908,86565,60.0
"Свердловская область, Екатеринбург, р-н Орджоникидзевский, мкр. Уралмаш, м. Проспект Космонавтов, улица Народного Фронта",2150000,92873,23.15
"Свердловская область, Екатеринбург, р-н Орджоникидзевский, мкр. Уралмаш, м. Проспект Космонавтов, улица Народного Фронта",2150000,109918,19.56
"Свердловская область, Екатеринбург, р-н Орджоникидзевский, мкр. Уралмаш, м. Проспект Космонавтов, улица Народного Фронта",2200000,105871,20.78
"Свердловская область, Екатеринбург, р-н Орджоникидзевский, мкр. Уралмаш, м. Уралмаш, Донбасская улица, 21",3656720,86000,42.52
"Свердловская область, Екатеринбург, р-н Орджоникидзевский, мкр. Уралмаш, м. Уралмаш, Верхний переулок",2344320,96000,24.42
"Свердловская область, Екатеринбург, р-н Орджоникидзевский, мкр. Эльмаш, проспект Космонавтов, 68",2400000,71006,33.8
"Свердловская область, Екатеринбург, р-н Орджоникидзевский, мкр. Уралмаш, м. Уралмаш, Верхний переулок",2591730,87000,29.79
"Свердловская область, Екатеринбург, р-н Орджоникидзевский, мкр. Эльмаш, улица Ползунова, 32",2650000,64165,41.3
"Свердловская область, Екатеринбург, р-н Орджоникидзевский, мкр. Уралмаш, м. Уралмаш, Верхний переулок",2682680,91000,29.48
"Свердловская область, Екатеринбург, р-н Орджоникидзевский, мкр. Уралмаш, улица Новаторов, 14",2700000,96429,28.0
"Свердловская область, Екатеринбург, р-н Орджоникидзевский, мкр. Эльмаш, проспект Космонавтов, 74",2800000,90323,31.0
"Свердловская область, Екатеринбург, р-н Орджоникидзевский, мкр. Уралмаш, м. Уралмаш, Донбасская улица, 21",2850000,102334,27.85
"Свердловская область, Екатеринбург, р-н Орджоникидзевский, мкр. Уралмаш, м. Проспект Космонавтов",3139500,108259,29.0
"Свердловская область, Екатеринбург, р-н Орджоникидзевский, мкр. Уралмаш, м. Проспект Космонавтов, улица Народного Фронта",3100000,92870,33.38
"Свердловская область, Екатеринбург, р-н Орджоникидзевский, мкр. Уралмаш, Коммунистическая улица, 107",3166000,73800,42.9
"Свердловская область, Екатеринбург, р-н Орджоникидзевский, мкр. Уралмаш, м. Проспект Космонавтов, улица Народного Фронта",3200000,81570,39.23
"Свердловская область, Екатеринбург, р-н Орджоникидзевский, мкр. Уралмаш, м. Проспект Космонавтов, Стахановская улица",3270000,121111,27.0
"Свердловская область, Екатеринбург, р-н Орджоникидзевский, мкр. Уралмаш, м. Проспект Космонавтов, улица Народного Фронта",3400000,85859,39.6
"Свердловская область, Екатеринбург, р-н Орджоникидзевский, мкр. Уралмаш, м. Проспект Космонавтов, улица Народного Фронта",3400000,83272,40.83
"Свердловская область, Екатеринбург, р-н Орджоникидзевский, мкр. Уралмаш, м. Уралмаш, Верхний переулок",3433120,86000,39.92
"Свердловская область, Екатеринбург, р-н Орджоникидзевский, мкр. Уралмаш, м. Уралмаш, Верхний переулок",3457520,88000,39.29
"Свердловская область, Екатеринбург, р-н Орджоникидзевский, мкр. Уралмаш, м. Уралмаш, Донбасская улица, 21",3476520,90299,38.5
"Свердловская область, Екатеринбург, р-н Орджоникидзевский, мкр. Уралмаш, м. Уралмаш, Донбасская улица, 21",3500000,92105,38.0
"Свердловская область, Екатеринбург, р-н Орджоникидзевский, мкр. Уралмаш, м. Уралмаш, Донбасская улица, 21",3523800,86793,40.6
"Свердловская область, Екатеринбург, р-н Орджоникидзевский, мкр. Уралмаш, м. Проспект Космонавтов, улица Народного Фронта",3500000,82742,42.3
"Свердловская область, Екатеринбург, р-н Орджоникидзевский, мкр. Уралмаш, м. Проспект Космонавтов",3594484,98479,36.5
"Свердловская область, Екатеринбург, р-н Орджоникидзевский, мкр. Уралмаш, м. Уралмаш, Верхний переулок",3625290,87000,41.67
"Свердловская область, Екатеринбург, р-н Орджоникидзевский, мкр. Уралмаш, м. Уралмаш, Донбасская улица, 21",3691640,82000,45.02
"Свердловская область, Екатеринбург, р-н Орджоникидзевский, мкр. Уралмаш, м. Уралмаш, Донбасская улица, 21",3656720,87902,41.6
"Свердловская область, Екатеринбург, р-н Орджоникидзевский, мкр. Уралмаш, м. Проспект Космонавтов, улица Народного Фронта",3650000,80770,45.19
"Свердловская область, Екатеринбург, р-н Орджоникидзевский, мкр. Уралмаш, м. Проспект Космонавтов, улица Народного Фронта",3650000,70559,51.73
"Свердловская область, Екатеринбург, р-н Орджоникидзевский, мкр. Уралмаш, м. Уралмаш, Донбасская улица, 21",3656720,86000,42.52
"Свердловская область, Екатеринбург, р-н Орджоникидзевский, мкр. Уралмаш, м. Проспект Космонавтов, улица Народного Фронта",4750000,64059,74.15
"Свердловская область, Екатеринбург, р-н Орджоникидзевский, мкр. Уралмаш, м. Проспект Космонавтов, улица Народного Фронта",3750000,79416,47.22
"Свердловская область, Екатеринбург, р-н Орджоникидзевский, мкр. Уралмаш, м. Проспект Космонавтов",3809974,86788,43.9
"Свердловская область, Екатеринбург, р-н Орджоникидзевский, мкр. Уралмаш, м. Уралмаш, Верхний переулок",3806880,84000,45.32
"Свердловская область, Екатеринбург, р-н Орджоникидзевский, мкр. Уралмаш, м. Проспект Космонавтов, улица Народного Фронта",3800000,61429,61.86
"Свердловская область, Екатеринбург, р-н Орджоникидзевский, мкр. Уралмаш, м. Проспект Космонавтов, улица Калинина",3874500,105000,36.9
"Свердловская область, Екатеринбург, р-н Орджоникидзевский, мкр. Уралмаш, м. Проспект Космонавтов",3865660,97618,39.6
"Свердловская область, Екатеринбург, р-н Орджоникидзевский, мкр. Уралмаш, м. Проспект Космонавтов, Народные Кварталы ЖК",3900000,83619,46.64
"Свердловская область, Екатеринбург, р-н Орджоникидзевский, мкр. Уралмаш, м. Проспект Космонавтов, улица Калинина, 59",3937656,97563,40.36
"Свердловская область, Екатеринбург, р-н Орджоникидзевский, мкр. Уралмаш, м. Проспект Космонавтов",3916200,100933,38.8
"Свердловская область, Екатеринбург, р-н Орджоникидзевский, мкр. Уралмаш, м. Проспект Космонавтов, Народные Кварталы ЖК",3950000,88784,44.49
"Свердловская область, Екатеринбург, р-н Орджоникидзевский, мкр. Уралмаш, м. Проспект Космонавтов, Народные Кварталы ЖК",3950000,88229,44.77
"Свердловская область, Екатеринбург, р-н Орджоникидзевский, мкр. Уралмаш, м. Проспект Космонавтов, улица Народного Фронта",3950000,80843,48.86
"Свердловская область, Екатеринбург, р-н Орджоникидзевский, мкр. Уралмаш, м. Проспект Космонавтов, улица Калинина",4037600,98000,41.2
"Свердловская область, Екатеринбург, р-н Орджоникидзевский, мкр. Уралмаш, м. Уралмаш, Верхний переулок",4097040,86000,47.64
"Свердловская область, Екатеринбург, р-н Орджоникидзевский, мкр. Уралмаш, м. Проспект Космонавтов, улица Народного Фронта",4050000,84147,48.13
"Свердловская область, Екатеринбург, р-н Орджоникидзевский, мкр. Уралмаш, м. Уралмаш, Верхний переулок",4111620,87000,47.26
"Свердловская область, Екатеринбург, р-н Орджоникидзевский, мкр. Уралмаш, м. Проспект Космонавтов, улица Калинина",4150000,100000,41.5
"Свердловская область, Екатеринбург, р-н Орджоникидзевский, мкр. Уралмаш, м. Проспект Космонавтов, улица Народного Фронта",4250000,75839,56.04
"Свердловская область, Екатеринбург, р-н Орджоникидзевский, мкр. Уралмаш, м. Проспект Космонавтов, улица Калинина, 59",4267296,91123,46.83
"Свердловская область, Екатеринбург, р-н Орджоникидзевский, мкр. Уралмаш, м. Проспект Космонавтов, Народные Кварталы ЖК",4350000,75416,57.68
"Свердловская область, Екатеринбург, р-н Орджоникидзевский, мкр. Уралмаш, м. Проспект Космонавтов, улица Калинина, 59",4371633,90792,48.15
"Свердловская область, Екатеринбург, р-н Орджоникидзевский, мкр. Уралмаш, м. Проспект Космонавтов, улица Народного Фронта",4400000,60332,72.93
"Свердловская область, Екатеринбург, р-н Орджоникидзевский, мкр. Уралмаш, м. Проспект Космонавтов, улица Калинина, 59",4472902,90234,49.57
"Свердловская область, Екатеринбург, р-н Орджоникидзевский, мкр. Уралмаш, м. Проспект Космонавтов, улица Народного Фронта",4650000,79338,58.61
"Свердловская область, Екатеринбург, р-н Орджоникидзевский, мкр. Уралмаш, м. Проспект Космонавтов, улица Народного Фронта",4700000,70847,66.34
"Свердловская область, Екатеринбург, р-н Орджоникидзевский, мкр. Уралмаш, м. Проспект Космонавтов, улица Народного Фронта",4700000,74817,62.82
"Свердловская область, Екатеринбург, р-н Орджоникидзевский, мкр. Уралмаш, м. Уралмаш, Верхний переулок",4797240,84000,57.11
"Свердловская область, Екатеринбург, р-н Орджоникидзевский, мкр. Уралмаш, м. Проспект Космонавтов, улица Народного Фронта",4750000,64059,74.15
"Свердловская область, Екатеринбург, р-н Орджоникидзевский, мкр. Уралмаш, м. Проспект Космонавтов, улица Калинина",6020550,76500,78.7
"Свердловская область, Екатеринбург, р-н Орджоникидзевский, мкр. Уралмаш, м. Проспект Космонавтов, улица Народного Фронта",4800000,77657,61.81
"Свердловская область, Екатеринбург, р-н Орджоникидзевский, мкр. Уралмаш, м. Проспект Космонавтов, улица Народного Фронта",4800000,84941,56.51
"Свердловская область, Екатеринбург, р-н Орджоникидзевский, мкр. Уралмаш, м. Проспект Космонавтов, Народные Кварталы ЖК",4900000,83149,58.93
"Свердловская область, Екатеринбург, р-н Орджоникидзевский, мкр. Уралмаш, улица Кузнецова, 8",4920000,98008,50.2
"Свердловская область, Екатеринбург, р-н Орджоникидзевский, мкр. Уралмаш, м. Проспект Космонавтов, улица Народного Фронта",4950000,72326,68.44
"Свердловская область, Екатеринбург, р-н Орджоникидзевский, мкр. Уралмаш, м. Проспект Космонавтов, улица Народного Фронта",4950000,76318,64.86
"Свердловская область, Екатеринбург, р-н Орджоникидзевский, мкр. Уралмаш, м. Проспект Космонавтов, Народные Кварталы ЖК",5000000,85985,58.15
"Свердловская область, Екатеринбург, р-н Орджоникидзевский, мкр. Уралмаш, м. Проспект Космонавтов, улица Народного Фронта",5000000,69406,72.04
"Свердловская область, Екатеринбург, р-н Орджоникидзевский, мкр. Уралмаш, улица Восстания, 91",5200000,82935,62.7
"Свердловская область, Екатеринбург, р-н Орджоникидзевский, мкр. Уралмаш, м. Проспект Космонавтов, Народные Кварталы ЖК",5200000,75647,68.74
"Свердловская область, Екатеринбург, р-н Орджоникидзевский, мкр. Уралмаш, м. Проспект Космонавтов, Народные Кварталы ЖК",5300000,76128,69.62
"Свердловская область, Екатеринбург, р-н Орджоникидзевский, мкр. Уралмаш, м. Проспект Космонавтов, улица Народного Фронта",5350000,85002,62.94
"Свердловская область, Екатеринбург, р-н Орджоникидзевский, мкр. Уралмаш, м. Проспект Космонавтов, улица Народного Фронта",5400000,66683,80.98
"Свердловская область, Екатеринбург, р-н Орджоникидзевский, мкр. Уралмаш, м. Проспект Космонавтов, Народные Кварталы ЖК",5400000,78913,68.43
"Свердловская область, Екатеринбург, р-н Орджоникидзевский, мкр. Уралмаш, м. Проспект Космонавтов, улица Калинина, 59",5599840,87361,64.1
"Свердловская область, Екатеринбург, р-н Орджоникидзевский, мкр. Уралмаш, м. Проспект Космонавтов, улица Народного Фронта",5550000,66683,83.23
"Свердловская область, Екатеринбург, р-н Орджоникидзевский, мкр. Уралмаш, м. Проспект Космонавтов, улица Народного Фронта",5500000,71624,76.79
"Свердловская область, Екатеринбург, р-н Орджоникидзевский, мкр. Уралмаш, м. Проспект Космонавтов, Народные Кварталы ЖК",5500000,89708,61.31
"Свердловская область, Екатеринбург, р-н Орджоникидзевский, мкр. Уралмаш, м. Проспект Космонавтов, улица Народного Фронта",5600000,65805,85.1
"Свердловская область, Екатеринбург, р-н Орджоникидзевский, мкр. Уралмаш, м. Проспект Космонавтов, улица Народного Фронта",5600000,70805,79.09
"Свердловская область, Екатеринбург, р-н Орджоникидзевский, мкр. Уралмаш, м. Проспект Космонавтов, улица Народного Фронта",5600000,72211,77.55
"Свердловская область, Екатеринбург, р-н Орджоникидзевский, мкр. Уралмаш, м. Проспект Космонавтов, Народные Кварталы ЖК",5800000,76175,76.14
"Свердловская область, Екатеринбург, р-н Орджоникидзевский, мкр. Уралмаш, м. Проспект Космонавтов, Народные Кварталы ЖК",5800000,76913,75.41
"Свердловская область, Екатеринбург, р-н Орджоникидзевский, мкр. Уралмаш, м. Проспект Космонавтов, улица Калинина",5989200,84000,71.3
"Свердловская область, Екатеринбург, р-н Орджоникидзевский, мкр. Уралмаш, м. Проспект Космонавтов, улица Народного Фронта",5900000,70608,83.56
"Свердловская область, Екатеринбург, р-н Орджоникидзевский, мкр. Уралмаш, м. Уралмаш, Верхний переулок",6008800,70000,85.84
"Свердловская область, Екатеринбург, р-н Орджоникидзевский, мкр. Уралмаш, м. Проспект Космонавтов, улица Калинина",6045000,78000,77.5
"Свердловская область, Екатеринбург, р-н Орджоникидзевский, мкр. Уралмаш, м. Проспект Космонавтов, улица Калинина",6020550,76500,78.7
